month,emi_wogs_gte_4_lbs_fresh_80,emi_wog_2_5_4_0_lbs_fresh_70,emi_wog_marinated_fresh_87,emi_8_9_piece_lt_2_5_lbs_fresh_100,emi_8_9_pc_marinated_fresh_125,emi_front_halves_all_fresh_133,emi_breast_whole_split_fresh_220,emi_breast_whole_split_small_fresh_222,emi_bs_breast_unsized_medium_fresh_270,emi_bs_breast_unsized_jumbo_fresh_271,emi_bs_breast_unsized_small_fresh_272,emi_breast_trim_lte_5_fat_fresh_312,emi_breast_trim_6_15_fat_fresh_315,emi_tenders_medium_fresh_320,emi_tenders_jumbo_fresh_321,emi_tenders_small_fresh_340,emi_whole_wings_fresh_350,emi_whole_wings_jumbo_fresh_370,emi_wings_drmts_midjnt_jumbo_fresh_411,emi_wings_drmts_midjnt_fresh_412,emi_leg_quarters_fresh_500,emi_leg_quarters_jumbo_fresh_501,emi_whole_legs_fresh_510,emi_whole_legs_jumbo_fresh_530,emi_drumsticks_jumbo_fresh_541,emi_drumsticks_fresh_542,emi_bs_legmeat_fresh_560,emi_thighs_fresh_570,emi_bs_thighs_fresh_590,emi_msc_lte_15_fat_fresh_800,emi_msc_gt_15_fat_fresh_810,emi_2_5_3_lb_wog_equivalent_fresh_92,emi_whole_wings_small_fresh_352,emi_whole_wings_medium_fresh_351,emi_wings_drmts_midjnt_medium_fresh_413,emi_wings_drmts_midjnt_small_fresh_414,emi_bs_breast_unsized_all_frozen_273,emi_wing_tips_frozen_380,emi_wings_drmts_midjnt_frozen_410,emi_leg_quarters_frozen_500,emi_leg_quarters_jumbo_frozen_501,emi_bs_thighs_frozen_590,emi_msc_all_frozen_820
1/1/01,52,55.6,63.6,65.7,67.1,70,62.5,62.5,126.3,126.3,126.3,82,85,153,153,165,88.5,89.6,101.3,101.3,20.1,20.1,31.8,26.8,34.5,44.5,74.6,29.3,83.2,14,13.15,,0,0,0,0,125,17.3,120,20.1,20.1,80,17.5
2/1/01,52.3,57,63.2,66.1,67.9,71,73.6,73.6,130.2,130.2,130.2,83.4,86.4,153,153,168.5,84.2,85.4,100.2,100.2,20.3,20.3,33.5,28.4,35.8,45.8,72.3,32.5,91.7,14,13.2,,0,0,0,0,125,17.7,121,20.8,20.8,88.2,16.8
3/1/01,55.7,58.1,62.7,68.3,68.2,71.5,72.4,72.4,130.3,130.3,130.3,81.8,84.8,158,158,187.27,92.2,93.2,98.4,98.4,22,22,34.5,30.8,35.45,45.45,73.3,33.6,93.6,14,13.2,,0,0,0,0,125,19.9,118,22.1,22.1,90,17.6
4/1/01,54.2,58.3,63.4,68.8,68.2,71.5,71.5,71.5,125.6,125.6,125.6,82.5,85.5,162.75,162.75,200,95.6,96,96.4,96.4,26.4,26.4,39.1,36.1,35.2,45.2,73.8,35.8,93.7,14.2,13.35,,0,0,0,0,126,19.5,115,25.7,25.7,90.15,18.1
5/1/01,53.14,57.85,64.54,68.28,68.6,72.49,80.67,76.39,126.6,126.6,149.62,113.65,94.31,163,163,205,93.07,102.88,95.89,99.72,28.3,28.3,44.07,40.53,35,45.39,86.81,29.17,94.52,19.84,13.34,,0,0,0,0,127.43,14.61,98,29.01,29.01,108.07,17.78
6/1/01,56.91,61.1,65.39,69.39,68.33,69.33,71.57,76.14,125.34,134.86,133.65,85.56,91.25,148.31,158.39,202.98,96.21,98.27,99.58,110.07,28.43,28.43,42.55,39.35,35.36,43.61,73.77,37.49,94.81,17.83,13.51,,0,0,0,0,130.97,16.57,100.37,29.41,29.41,88.83,19.32
7/1/01,55.34,61.87,64.64,70.03,68.5,69.73,71.63,72.58,131.29,132.66,139.02,87.26,93.66,141.77,144.66,199.94,91.98,97.2,105.19,108.72,30.38,30.38,42.78,39.43,42.73,49.53,73.75,40.35,94.5,17.99,13.26,,0,0,0,0,124.81,16.44,115.05,30.17,30.17,87.1,20.57
8/1/01,54.12,58.99,67.15,70.3,68.53,68.48,78.18,76.67,145.94,145.18,153.68,87.01,92.26,149.04,143.87,199.58,95.19,96.42,110.93,107.42,31.91,31.91,44.01,41.5,43.77,47.5,73.02,40.18,95.28,18.83,13.45,,0,0,0,0,131.43,11.65,114.49,30.36,30.36,86.01,19.62
9/1/01,53.19,58.69,65.54,71.18,68.21,68.05,81.05,79.21,151.08,146.71,156.48,79,81.53,152.18,145.64,199.59,104.66,103.95,125.4,114.4,33.09,33.09,44.55,42.26,43.49,48.74,73.11,38.55,95.12,17.87,13.52,,0,0,0,0,151.77,13.33,121.77,31.43,31.43,89.92,18.11
10/1/01,50.64,57.41,65.68,71.02,68.43,62.61,69.56,69.06,122.78,122.97,130.83,73.66,81.51,148.38,137.88,199.64,100.3,97.21,119.32,113.36,32.92,32.92,44.23,40.47,47.63,48.75,81.52,35.28,94.29,16.44,13.25,,0,0,0,0,130.9,14.46,121.86,32.51,32.51,85.41,16.86
11/1/01,54.15,56.94,66.05,70.31,68.3,60.49,63.09,64.02,113.51,111.39,122.26,82.98,93.93,114.28,110.2,199.65,85.01,81.48,103.38,103,29.16,29.16,42.67,39.54,45.8,45.4,84.71,33.79,91.44,14.5,12.93,,0,0,0,0,119.89,13.22,121.67,31.1,31.1,81.05,16.34
12/1/01,50.79,54.61,64.05,69.55,68.12,61.42,57.12,56.16,114.85,111.5,120.14,80.77,87.01,100.69,102.29,199.54,83.67,86.84,102.43,101.72,24.25,24.25,43.27,35.13,38.76,46.61,87,32.19,86.35,14.72,12.95,,0,0,0,0,110.99,12.07,116.95,25.82,25.82,76.81,15.57
1/1/02,50.98,54.81,64.67,69.11,68.45,60.04,58.92,55.99,119.68,114.3,121.94,94.24,108.05,102.25,102.68,199.49,92.95,95.35,109.19,106.24,25.07,24.88,42.29,36.3,38.93,45.4,81,29.52,85.4,14.21,12.54,,0,0,0,0,112.79,9.76,121.34,24.1,23.31,76.87,15.44
2/1/02,52.4,54.43,63.71,69.19,68.72,60.14,62.12,62.26,115.44,111.69,116.7,102.32,108.67,105.46,108.39,204.11,79.12,78.37,94.81,99.48,25.97,25.12,41,36.51,39.01,45.76,80.87,29.67,83.65,13.79,12.7,,0,0,0,0,118.93,10.02,121.18,23.59,23.15,78.5,15.39
3/1/02,47.2,53.82,64.62,69.25,68.54,64.82,69.89,67.58,125.65,122.78,129.96,104.82,112.03,133.88,131.06,190.64,69.88,68.55,87.74,90.92,21.33,20.28,40.17,31.4,38.14,40.78,78.96,30.5,84.37,13.05,12.74,,0,0,0,0,116.39,12.12,121.71,19.32,18.2,77.52,15.1
4/1/02,46.97,52.86,65.25,69.04,68.21,60.75,69.11,69.11,125.1,120.78,129.8,106.47,107.72,137.2,133.46,192.48,62.5,60.46,78.27,78.09,18.82,18.06,37.28,26.89,32.86,36.57,80.18,29.95,84.35,13.23,12.77,,0,0,0,0,124.9,12.63,119.53,14.94,14.45,73.31,14.96
5/1/02,48.68,54.58,64.42,69.11,68.07,62.17,83.4,82.7,142.49,139.18,147.32,102.5,108.16,119.94,119.74,191.8,56.32,56.1,75.43,72.21,20.35,19.1,36.57,28.02,33.05,37.16,77.67,27.98,81.34,13.1,12.63,,0,0,0,0,133.95,12.21,104.94,16.38,15.26,71.6,14.62
6/1/02,53.65,58.95,64.05,69.86,68.17,60.03,84.79,86.62,143.02,139.43,147.09,99.99,107.46,109.67,110.28,192.96,54.87,55.85,73.93,69.77,21.2,19.04,37.47,27.28,31.42,37.54,73.18,28.12,77.42,13.24,12.78,,0,0,0,0,148.32,14.32,121.88,19.13,17.75,73.82,15.43
7/1/02,50.94,57.71,65.58,70.11,68.49,61.43,82.65,86.18,143.53,138.33,144.87,97.39,106.1,106.75,106.21,192.74,52.96,55.88,74.72,69.8,19,17.1,38.28,24.19,26.98,33.39,58.22,25.03,62.02,13.37,12.83,,0,0,0,0,134.4,12.08,90.43,17.12,17.53,72.16,15.45
8/1/02,47.12,54.5,64.57,69.85,68.62,66.1,83.99,86.5,147.87,144.1,151.36,101.3,109.35,108.8,110.29,187.18,49.3,54.77,73.68,67.4,18.06,17.1,36.85,22.4,24.46,28.9,53.57,21.89,59.02,13.26,12.76,,0,0,0,0,145.9,11.09,91.21,16.94,16.64,53.16,15.82
9/1/02,45.67,55.09,64.14,69.8,68.46,66.77,79.82,83.88,141.65,136.77,146.95,101.85,107.09,128.09,130.75,185.71,56.5,61.79,79.48,71.52,18.96,17.86,35.98,22.15,24.53,29.64,56.73,21.72,62.59,13.03,12.96,,0,0,0,0,141.78,11.18,54.92,16.76,17.15,58.44,15.65
10/1/02,44.1,51.33,63.8,69.46,68.45,53.14,66.73,70.02,122.65,119.39,124.03,103.25,106.26,124.73,119.55,181.13,51.32,53.88,73.35,69.48,19.07,18.42,33.82,22.61,24.31,26.8,58.27,21.48,65.05,13.14,13.15,,0,0,0,0,123.14,10.65,43.11,18.76,18.33,62.01,15.64
11/1/02,46.39,51.3,63.69,68.85,68.45,57.66,63.87,69.45,122.1,118.86,125.32,100.98,101.55,109.36,106.18,170.83,43.72,44.19,63.33,63.07,18.94,17.43,35.09,22.51,22.33,24.84,59.02,21.41,64.54,13.13,12.92,,0,0,0,0,120.41,11.52,59.49,18.89,18.04,60.62,15.16
12/1/02,48.47,52.88,63.7,68.35,67.81,59.43,65.54,68.52,124.48,122.63,127.52,98.23,96.57,109.49,107.34,167.37,47.7,46.52,64.59,63.84,18.9,17.64,35.04,23.27,22.28,24.59,56.93,20.76,64.52,12.82,12.97,,0,0,0,0,117.32,10.15,41.38,17.33,17.39,55.87,14.98
1/1/03,48.68,56.53,63.56,68.68,66.8,71.02,75.34,74.5,129.52,127.38,125.11,98.51,97.29,117.88,117.26,168.31,67.37,68.76,84.36,79.78,19.64,17.5,34.98,23.66,21.01,24.87,57.59,22.43,65.1,12.49,12.34,,0,0,0,0,120.18,11.33,49.08,17.04,16.87,54.24,14.66
2/1/03,50.36,57.07,63.84,69.34,67.09,74.64,87.56,90.14,139.4,135.85,140.23,99.66,93.9,122.37,118.32,165.01,71.68,70.95,89.27,86.04,21.29,19.78,32.76,26.03,23.22,26.07,58.23,21.6,66.43,12.98,12.46,,0,0,0,0,147.17,11.65,46.76,17.34,18.17,57.75,15.15
3/1/03,52.13,57.16,63.81,69.46,66.73,72.49,85.69,89.14,145.91,142.6,146.34,102.09,91.76,121.81,120.18,170.92,69.02,67.33,85.9,85.66,21.92,20.87,33.18,30.8,23.82,26.05,64.21,23.59,68.48,13.2,12.93,,0,0,0,0,155.21,18.75,48.53,19.48,19.38,59.99,16.33
4/1/03,51.32,56.81,64.25,69.39,66.84,69.84,83.8,86.54,147.58,143.36,152.01,107.27,100.02,133.3,134.23,178.75,65.54,60.93,78.44,82.09,21.19,19.76,33.15,27.39,23.44,26.89,64.08,24.31,68.24,12.9,12.8,,0,0,0,0,147.34,19.1,51.08,18.89,19.22,59.37,17.51
5/1/03,52.51,57.09,64.43,69.63,66.81,70.25,92.65,91.18,158.78,155.96,160.08,117.49,103.84,143.62,148.74,179.59,67.43,67.99,84.4,83.3,22.2,19.81,35.06,27.95,24.51,28.7,63.82,27.44,69.26,13.17,12.86,,0,0,0,0,148.65,19.66,56.89,17.71,19.16,62.08,17.08
6/1/03,54.01,56.78,64.13,70.37,67.08,69.76,90.65,96.26,160.78,159.46,170.23,116.45,103.36,149.56,152.96,192.68,68.12,73.15,89.71,85.11,23.47,22.59,35.51,31.94,28.66,32.49,65.86,28.02,72.07,13.07,12.77,,0,0,0,0,158.37,21.67,51.62,19.08,21.08,68.13,16.38
7/1/03,56.84,57.82,64.43,71.53,67.52,72.6,88.07,91.29,164.8,161.96,173.21,117.44,104.88,139.74,141.34,183.64,63.74,66.2,83.89,82.34,26.94,25.3,37.52,33.94,33.21,40.23,63.94,29.01,71.65,13.21,12.84,,0,0,0,0,158.44,24.22,60.22,21.76,24.54,68.72,16.9
8/1/03,55.81,58.74,64.47,71.34,67.8,74.58,91,93.67,180.32,177.8,189.61,114.27,102.03,146.88,146.3,178.97,67.6,70,86.59,84.8,28.06,27.12,38.14,34.12,33.55,41.07,66.56,24.37,71.3,13.24,12.85,,0,0,0,0,170.77,25.38,56.51,23.82,25.31,68.78,17.44
9/1/03,52.41,60.06,64.29,71.31,68.09,74.89,90.83,94.73,173.83,170.97,182.87,115.92,102.96,167.35,163.65,193.14,74.63,79.48,98.18,89.86,29.12,29.17,38.66,35.46,34.34,41.76,71.68,28.81,78.95,14.67,13.1,,0,0,0,0,182.59,26.55,49.54,27.62,27.14,76.87,18.78
10/1/03,51.87,58.76,63.86,70.92,68.29,70.53,83.03,88.39,154.42,152.63,163.61,113.49,101.78,159.57,154.81,187.93,79.73,87.67,106.22,96.56,29.21,28.73,38.82,36.35,35.75,40.81,75.07,31.53,86.13,14.96,13.2,,0,0,0,0,182.67,27.64,53.22,30.12,28.4,84.23,20.57
11/1/03,52.84,58.2,64.24,70.31,68.75,73.86,79.68,84.33,140.49,138.88,148.7,117.12,102.88,142.25,145.42,180.13,88.96,97.12,114.73,106.86,29.51,28.69,37.8,37,38.45,43.16,75.36,33.08,84.05,14.54,13.21,,0,0,0,0,152.72,28.46,58.2,29.81,29.39,83.1,21.02
12/1/03,53.98,60.1,64.55,71.25,68.97,76.63,80.06,83.83,139.52,138.93,149.95,117.04,101.99,145.08,145.28,180.76,95.95,103.45,120.79,115.51,29.16,28.49,37.12,37.31,39.96,43.36,78.39,34.11,85.01,13.73,13.19,,0,0,0,0,147.37,31.46,67.57,26.88,26.84,81.95,17.6
1/1/04,52.83,63.4,64.25,70.94,69.15,82.88,87.96,89.07,153.51,151.4,158.4,121.74,105.68,156.18,153.31,185.16,109.48,115.76,132.64,127.89,29.54,29.87,40.55,39.46,37.96,44.09,80.19,34.18,85.87,13.73,12.92,,0,0,0,0,136.62,28.54,122.77,26.38,28.81,83.93,16.19
2/1/04,57.46,68.1,64.22,71.22,69.58,98.24,100.41,100.74,176.29,177.38,183.08,126.06,112.8,183.14,185.12,205.91,119.55,124.92,142.17,137.04,35.93,37.06,52.19,53.28,40.94,47.29,99.03,41.53,102.05,13.62,12.74,,0,0,0,0,179.94,29.71,129.94,29.29,31.75,101.46,15.57
3/1/04,68.9,71.73,65.01,71.75,70.55,104.58,110.3,110.61,195.04,197.1,196.74,133.21,115.04,211.48,219.03,227.48,121.58,125.5,142.94,138.59,34.77,34.07,44.03,45.73,35.51,46.91,95.95,42.38,106.34,13.77,12.79,,0,0,0,0,180.57,18.02,131.08,31.9,34.12,111.77,16.33
4/1/04,71.8,72.92,66.21,73.18,71.46,113.51,120.62,123.31,200.72,208.34,216.77,141.42,131.58,221,222.77,231,123.67,124.03,140.64,138.9,33.41,33.18,47.1,40.31,33.28,47.58,89.46,42.44,102.17,13.81,12.84,,0,0,0,0,186.98,15.63,106.85,32.42,33.17,102.38,16.14
5/1/04,75.11,75.46,66.83,74.65,72.6,119.89,130.82,131.77,214.74,223.18,234.42,153.29,137.19,214.96,214.07,226.24,108.23,105.37,123.43,126.86,35.38,35.93,45.67,47.12,38.05,51.13,96.74,44.67,106.43,13.38,12.79,,0,0,0,0,209.38,17.96,96.91,31.55,32.58,106.03,17.68
6/1/04,79.43,78.94,68.61,77.29,75.84,126.89,140.14,143.41,249.39,246.42,251.51,174.1,133.5,214.04,219.95,226.37,99.77,95,111.85,120.12,33.87,33.01,55.77,46.53,42.37,52.61,96.33,43.07,109.6,13.38,12.88,,0,0,0,0,220.27,19.06,104.26,31.03,29.48,107.01,18.19
7/1/04,75.89,77.95,70.51,87.29,78.74,114.94,130.86,140.37,220.67,217.9,229.69,161.26,141.61,214.33,218.61,236.52,102.16,97.02,113.17,120.32,31.38,29.02,54.38,40.35,41.5,53.07,80.45,35.53,100.21,13.65,13.05,,0,0,0,0,230.03,19.32,93.44,27.11,25.58,89.61,17.61
8/1/04,69.04,72.88,71.63,85.37,79.81,87.44,114.03,122.25,176.58,173.03,190.9,139.68,123.67,200.91,198.12,226.91,99.39,98.32,115.87,120.11,30.05,28.33,47.99,35.29,34.4,49.38,72.99,31.56,93.04,13.38,13.17,,0,0,0,0,180.69,20.01,85.25,26.2,25.89,78.78,18.38
9/1/04,60.9,68.38,71.87,82.37,79.06,78.67,89.04,98.72,141.5,139.97,156.85,112.35,109.16,180.75,174.67,214.6,98.9,99.18,115.62,119.9,29.57,27.71,48.28,33.76,29.96,47.54,65.38,26.67,81.75,14.12,13.07,,0,0,0,0,146.28,19.75,80.56,27.14,27.01,62.59,18.83
10/1/04,59.4,65.61,70.68,81.48,78.44,75.58,80.84,87.7,132.46,127.43,144.35,99.12,98.39,144.22,127.92,194.46,92.84,94.21,115.03,119.81,28.85,26.61,44.84,29.28,28.56,45.32,65.01,25.74,80.53,13.71,13.3,,0,0,0,0,125.69,17.97,85.4,27.53,28.29,66.73,17.91
11/1/04,60.27,65.83,70.32,80.23,77.81,72.08,74.32,81.18,126.96,122.66,137.26,95.21,96.92,117.52,112.99,187.71,85.37,82.7,102.32,108.68,27.76,27.09,36.35,33.45,27.04,45.98,67.11,26.8,82.21,13.46,13.24,,0,0,0,0,119.25,16.23,79.55,28.52,28.07,70.04,19
12/1/04,57.62,64.77,70.6,79.24,77.72,70.78,71.88,79.19,129.37,123.92,134.72,96.03,92.5,120.37,113.09,188.78,102.11,100.28,115.16,117.02,26.95,27.17,42.42,37.24,24.62,42.14,71.63,28.87,80.56,13.35,13.35,,0,0,0,0,116.18,16,75.14,26.81,25.74,70.99,18.62
1/1/05,59.73,65.87,71.13,79.84,77.64,76.03,77.83,81.88,139.62,138.25,146.21,105.6,91.54,118.5,118.78,186.64,117.08,117.48,131.59,128.86,27.83,27.64,41.9,38.69,27.48,43.73,73.59,31.35,89.11,14.61,14.11,,0,0,0,0,120.05,17.38,88.6,26.59,26.96,77.83,18.49
2/1/05,65.82,66.93,70.85,80.05,77.87,77.52,90.71,98.55,149.8,149.96,165.8,111.3,91.89,143.94,141.28,194.77,118.48,112.05,130.73,133.16,29.83,29.23,44.82,41.58,31.77,45.74,79.28,34.33,94.52,15.49,14.27,,0,0,0,0,128.63,21.31,85,26.37,27.92,86.08,18.72
3/1/05,64.27,68.27,70.49,80.73,77.76,80.23,91.84,98.78,147.84,146.28,161.02,108.88,100.12,154.18,153,200.21,95.13,82.64,105.12,120.1,31.02,30,43.55,42.63,32.23,46.82,84.98,34.74,97.34,15.41,14.5,,0,0,0,0,132.06,24.64,75.65,27.31,29.54,87.68,19.45
4/1/05,60.86,66.11,70.43,81.23,77.91,78.08,86.72,97.34,146.4,143.38,155.62,102.19,100.56,163,160.28,199.31,82,76,97.66,107.33,33.2,33.56,49.93,48.15,36.82,47.28,87.11,37.27,99.26,15.86,14.72,,0,0,0,0,132.7,32.79,80.38,29.9,31.26,90.49,20.5
5/1/05,62.18,66.37,70.74,81.64,77.96,78.54,86.2,95.8,138.67,132.72,140.83,103.69,93.07,144.78,145.9,199.73,77.23,74.75,94.72,102.7,36.82,37.13,53.3,52.96,44.13,52.6,92.65,40.19,100.26,15.79,15.19,,0,0,0,0,128.6,36.65,76.63,32.75,35.12,93.43,20.58
6/1/05,64.61,65.49,70.66,81.56,77.9,77.47,87.87,96.05,139.85,133.36,144.55,104.8,98.38,119.42,130.64,193.14,76.35,73.71,93.78,101.31,40.11,40.13,55.46,54.27,50.7,56.34,94.68,42.42,100.26,15.67,15.25,,0,0,0,0,117.75,40.1,80.02,35.71,39.19,94.03,20.24
7/1/05,60.82,66.18,70.91,81.85,77.93,71.72,88.97,97.16,142.46,136.9,144.11,105.94,95.85,120.47,129.01,193.17,74.27,70.86,92.19,97.45,42.74,44.19,61.29,57.35,60.1,63.65,97.69,46.83,101.22,15.29,14.99,,0,0,0,0,127.43,39.58,86.09,38.53,40.2,93.92,19.94
8/1/05,60.03,65.66,70.56,82.3,77.88,62.63,85.69,96.66,133.54,129.04,134.77,103.61,98.46,127.03,132.4,194.93,77.44,72.07,91.35,95.68,44.62,44.9,60.79,57.88,56.12,62.13,102.32,45.35,104.81,16.37,14.9,,0,0,0,0,128.71,37.51,74.34,41.13,43.92,98.01,19.98
9/1/05,62.89,64.21,70.79,82.09,77.91,63.72,87.71,98.07,138.2,133.87,146.66,104.73,96.58,147.24,143.98,195.94,95.74,91.38,107.82,107.65,45.25,46.32,64.96,63.51,52.62,58.81,114.64,54.57,118.38,16.19,14.71,,0,0,0,0,127.94,34.78,76.64,42.48,45.07,106.83,19.05
10/1/05,57.56,60.42,70.84,81.41,77.88,56.48,72.3,86.39,122.88,116.41,133.26,99.09,90.26,126.88,125.15,186.12,81.69,80.95,100.85,102.59,44.46,42.52,61.99,61.07,45.58,53.52,112.81,51.09,116.88,16.08,14.61,,0,0,0,0,119.01,35.38,79,44.51,43.98,117.84,18.95
11/1/05,51.2,60.07,70.25,80.51,77.48,61.48,63.14,75.02,109.03,100.75,115.16,97.38,83.32,115.36,109.49,172.73,75.79,73.57,95.75,98.87,32.99,27.72,44.77,42.49,35.45,46.86,91.86,39.05,98.31,15.92,14.44,,0,0,0,0,108.09,32.72,81.25,37.85,36.45,94.97,19.27
12/1/05,48.95,57.85,70.27,80.12,76.98,62.26,58.22,68.15,106.3,100.67,116.87,97.72,84.48,114.13,106.24,173.53,74.58,72.25,94.53,98.25,26.57,22.77,38.15,36.49,29.14,39.98,82.87,34.1,95.25,15.71,14.31,,0,0,0,0,100.84,31.12,81.22,35.47,26.7,88.32,18.52
1/1/06,51.22,59.36,70.12,80.37,76.79,69.7,56.39,64.31,99.53,95.03,114,91.51,77.76,108.03,100.65,173.82,92.09,90.41,107.31,105.94,24.88,21.42,32.94,32.61,25.98,38.92,84.47,31.13,97.8,18.35,16.25,,0,0,0,0,93.83,28.07,74.35,25.22,25.21,89.95,19.15
2/1/06,49.14,59.72,70.41,80.64,76.39,78.7,59.96,67.12,106.2,101.61,122.27,92.22,79.23,105.81,101.41,172.51,99.92,95.06,111.64,110.87,23.48,18.13,28.77,29.91,25.23,38.88,78.15,27.06,97.11,17.81,16.33,,0,0,0,0,98.64,29.23,79.72,22.33,21.67,88.97,18.66
3/1/06,47.89,57.63,70.07,81.01,76,75.89,59.68,68.43,99.98,96.52,117.25,89.38,78.61,111.7,102.68,167.11,83.33,75.45,99.43,103.78,19.73,14.2,22.81,24.82,20.12,33.72,60.68,20.69,80.19,17.12,16.26,,0,0,0,0,93.46,31.92,74.32,17.58,15.63,67.92,18.37
4/1/06,43.82,56.27,70.23,80.47,75.88,74.09,59.24,68,98.55,94.42,113.44,90.62,77.72,111.59,102.4,162.94,70.49,62.23,87.22,96.93,18.37,13.71,23.75,23.76,18.54,30.09,59.96,17.14,75.5,16.87,16.33,,0,0,0,0,89.82,33.22,73.42,15.14,15.14,61.95,17.8
5/1/06,45.73,57.21,70.1,80.55,75.91,71.86,63.93,71,112.57,110.67,124.29,89.89,75.58,113.86,108.38,168.85,68.6,60.44,85.26,95.22,23.56,22.41,34.96,34.45,22.23,35.32,72.19,21.65,86.66,16.99,16.14,,0,0,0,0,96.09,32.47,70.29,16.99,17.35,69.03,17.75
6/1/06,54.02,60.21,69.78,80.61,74.7,77.96,74.53,82.05,125.6,126.24,140.22,91.82,75.11,117.56,111.96,176.59,67.7,61.68,84.97,93.77,31.44,30,42.61,41.51,33.6,42.87,80.2,23.14,88.93,17.02,16.08,,0,0,0,0,116.78,32.8,71.05,18.21,25.61,79.36,17.48
7/1/06,54.3,61.47,70.09,80.97,75.43,79.85,77.08,83.56,126.81,125.96,144.78,89.09,76,128.6,126.15,182.74,79.78,76.8,94.27,97.85,35.77,36.53,42.81,44.1,35.16,45.85,82.66,24.64,87.14,17.12,16.2,,0,0,0,0,126.82,31.95,71.17,22.51,32.96,75.16,17.79
8/1/06,58.08,63.25,69.28,80.95,75.6,79.72,82.55,89.38,131.36,129.39,146.78,89.46,79.91,141.58,135.79,192.57,92.61,90.36,106.62,105.55,37.25,36.98,48.25,48.82,36.8,45.98,90.52,32.12,88.92,17.04,16.32,,0,0,0,0,124.37,32.41,82.01,30.52,37.48,83.53,18.09
9/1/06,56.29,60.26,69.48,80.63,75.79,75.42,82.87,94.88,125.85,122.58,147.41,99.47,82.23,141.49,135.74,193.48,102.5,102.37,117,113.04,33.79,26.71,40.11,41.7,34.99,45.17,83.9,30.66,89.78,16.69,16.36,,0,0,0,0,126.34,33.43,78.87,30.34,28.71,83,18.3
10/1/06,51.57,58.3,69.31,80.59,75.56,71.91,69.23,81.4,102.68,97.87,114.63,93.21,81.29,112.85,103.12,180.15,83.8,79.47,102.1,106.39,29.67,23.73,31.82,33.22,31.4,39.23,70.98,23.24,84.53,17.08,16.43,,0,0,0,0,99.2,30.56,84.51,28.96,25.82,73.04,18.34
11/1/06,45.92,62.64,68.76,80.71,75.26,76.16,58.92,77.12,99.16,93.54,110.48,91.74,77.82,109.06,95.75,173.4,81.97,74.69,96.8,101.72,27.88,22.51,33.17,32.68,29.22,36.24,73.92,22.7,84.48,16.67,16.51,,0,0,0,0,93.68,29.99,80.25,25.71,22.79,74.68,17.75
12/1/06,55.66,63.8,68.78,81.19,75.61,79.82,67.27,79.03,119.23,112.28,125.13,95.93,82.83,116.76,112.78,178.45,99.93,89.61,106.68,108.32,29.15,25.02,39.39,42.18,29.67,40.57,84.11,32.48,92.48,17.08,16.39,,0,0,0,0,96.11,29.4,90.46,23.39,22.9,83.37,17.31
1/1/07,61.08,67.46,69.15,83.16,76.65,85.24,78.06,87.71,132.65,124.79,140.44,104.69,94.99,139.64,136.81,189.82,124.88,115.06,126.25,121.6,32.57,28.8,48.18,49.03,37.17,46.51,87.81,36.38,97.75,16.5,15.55,,0,0,0,0,111.71,35.25,90.72,25.06,28.99,90.17,17.48
2/1/07,66.8,71.42,69.68,84.73,77.33,95.08,93.3,105.09,141.39,138.86,155.07,112.93,99.46,163.33,157.44,203.47,127.65,114.88,130.97,131.3,37.22,36.54,53.52,53.69,41.12,51.06,93.79,40.93,101.04,15.95,15.56,,0,0,0,0,131.03,38.95,88.63,29.92,32.78,95.92,17.62
3/1/07,68.86,73.53,70.52,85.62,78.11,98.06,96.53,113.27,150.14,145.28,163.01,118.73,103.16,169.94,170.38,210.19,123.86,111.96,124.85,128,39.67,38.75,56.48,57.75,45.47,54.73,102,46.02,105.08,16.1,15.47,,0,0,0,0,146.24,41.55,92.84,33.63,36.27,96.05,17.25
4/1/07,68.43,74.47,71.86,85.56,79,100.88,99.13,114.02,159.04,159.46,175.12,121.38,107.81,184.99,183.22,214.43,125.93,119.81,128.72,131.48,41.4,40.21,58.97,58.86,47.19,55.47,102.04,47.92,106.88,16.02,15.4,,0,0,0,0,164.8,45.34,106.65,37.29,39.13,99.97,17.47
5/1/07,71.71,75.33,73.47,85.5,79.42,100.97,106.26,122.51,158.61,157.34,174.54,122.06,107.54,177.89,172.75,215.11,119.66,119.16,131.2,136.36,43.45,44,58.9,59.07,51.21,60.18,100.68,49.18,107.05,15.6,15.5,,0,0,0,0,169.47,47.19,104.12,38.98,43.46,100.93,18.45
6/1/07,72.36,74.87,74.18,85.96,79.89,94.79,95.36,114.79,144.34,137.94,156.51,112.18,101.69,150.56,142.79,200.89,114.38,116.47,131.55,134.33,46.27,46.53,60.18,60.07,61.48,65.88,100.69,43.41,103.57,15.93,15.52,,0,0,0,0,147.58,55.35,109.05,43.21,45.65,99.7,17.78
7/1/07,71.54,73.49,74.6,86.46,80.13,86.36,92.87,105.74,152.35,150.03,160.63,112.58,99.28,148.55,141.31,199.11,111.98,118.6,130.82,133.72,46.18,46.79,61.2,60.72,60.68,67.57,101.47,46.51,105.42,15.71,15.42,,0,0,0,0,148.28,59.42,111.05,45.32,47.52,97.5,17.7
8/1/07,71.23,74,73.59,86.88,80.28,87.32,94.27,98.85,154.36,151.66,159.66,114.71,98.04,151.54,145.49,202.38,112.56,121.26,132.99,135.45,45.68,45.22,57.86,56.98,60.27,66.94,102.01,47.05,103.08,15.38,15.43,,0,0,0,0,144.72,58.33,116.1,45.32,45.88,101.59,17.44
9/1/07,71.13,72.34,72.23,86.71,80.61,86.49,93.68,91.01,148.19,146.31,153.33,118.04,98.09,154.11,144.87,202.66,114.14,122.82,135.39,135.98,43.78,42.46,59.26,59.25,60.93,65.68,101.99,47.06,106.68,15.72,15.39,,0,0,0,0,147.71,59.43,113.78,46.03,44.82,101.1,17.75
10/1/07,64.1,64.97,72.02,86.19,80.51,80.51,75.05,73.3,122.05,118.32,121.09,107.29,90.97,134.07,118.74,193.35,100.8,103.59,126.42,127.45,41.62,38.57,57.42,55.62,54.59,60.64,102.34,42.93,105.47,15.63,15.42,,0,0,0,0,114.72,55.09,103.21,43.5,42.79,97.94,17.97
11/1/07,62.02,65.53,71.64,86.03,81,81.8,72.13,72.71,120.91,117.32,126.54,107.63,90.09,128.71,112.74,189.94,102.75,102.35,121.07,124.97,40.78,37.98,56.32,55.53,49.55,56.84,102.73,45.43,106.08,15.17,15.44,,0,0,0,0,124.71,49.56,97.08,41.84,41.34,97.95,18.06
12/1/07,60.32,65.91,71.62,86.83,79.38,76.36,66.92,64.96,117.83,115.55,123.04,107.34,90.57,123.79,107.54,182.01,107.22,103.92,120.82,125.33,40.82,38.87,56.44,56.22,47.31,55.61,105.41,47.41,107.76,15.02,15.31,,0,0,0,0,117.14,54.75,97.09,40.44,41.76,106.95,18.17
1/1/08,64.82,70.21,72.15,87.75,79.84,70.57,72.99,72.3,125.29,119.99,129.37,108.53,91.17,127.94,115.07,179.96,116.79,111.52,128.33,131.9,40.87,40.54,56.4,56.72,50.71,57.94,109.8,51.47,111.91,15.55,15.28,,0,0,0,0,117.98,54.4,90.79,41.06,41.45,110.65,17.7
2/1/08,66.86,73.09,72.72,90.41,81.54,80.22,81.23,82.04,138.8,136.46,145.69,114.74,99.81,133.97,132.71,183.92,124.38,118.1,133.17,139.11,41.47,41.68,57.72,58.27,52.89,58.14,110.35,52.75,111.79,15.5,15.19,,0,0,0,0,129.41,57.05,92.47,40.62,40.97,113.02,18.32
3/1/08,68.06,73.91,73.89,93.8,83.09,78.76,81.01,84.23,131.87,130.48,140.74,112.84,100.54,135.18,134.71,183.9,106.27,93.8,118.82,134.91,42.37,41.48,62.24,62.05,56.45,59.38,110.79,53.68,113.31,15.76,15.3,,0,0,0,0,128.94,56.12,90.23,41.32,42.73,113.13,19.91
4/1/08,66.56,73.52,75.25,95.95,84.41,77.49,79.48,80.98,130.1,129.93,141.83,112.99,100.85,132.56,129.53,179.93,87.04,80.3,100.35,123.9,44.68,43.53,64.07,64.45,60.15,62.57,113.29,55.27,115.95,16.57,15.3,,0,0,0,0,124.51,61.73,100.25,41.97,44.17,114.68,20.53
5/1/08,75.28,75.54,76.19,96.61,86.25,80.92,84.04,83.22,140.43,139.48,146.6,112.87,102.68,139.34,137.59,182.63,81.59,77.61,99.07,115.32,46,45.39,66.58,65.97,62.98,66.04,118.79,55.9,117.67,16.59,15.51,,0,0,0,0,133.08,60.85,83.53,44.11,46.81,119.46,20.09
6/1/08,75.87,77.25,76.22,97.05,89.03,94.28,83.3,81.29,135.87,131.37,142.81,111.68,103.5,136.41,132.08,186.06,82.46,76.72,98.64,112.11,48.22,47.24,67.21,65.7,63.36,67.58,118.55,55.98,119.63,17.04,15.89,,0,0,0,0,128.08,62.62,80.1,46.97,49.09,118.11,21.28
7/1/08,75.97,78.91,76.83,97.49,90.01,95.49,82.53,80.14,128.82,126.66,137.9,110.43,103.45,125.83,120.98,184.04,84.89,81.45,100.95,111.14,52.19,51.42,70.24,69.22,64.62,68.99,120.14,55.62,117.86,17.15,15.97,,0,0,0,0,129.04,60.04,86.87,49.74,51.28,115.75,21.04
8/1/08,74.26,75.55,77.61,97.83,90.55,90.71,71.61,70.46,122.02,119.28,128.09,107.11,102.62,124.92,120.18,174.04,79.43,80.53,100.11,111,54.18,53.12,67.75,68.32,65.48,69.17,121.52,53.41,119.12,17.6,16.13,,0,0,0,0,125.16,63.31,81.55,52.38,53.59,117.95,21.29
9/1/08,73.45,75.03,79.9,99.01,90.74,87.7,65.52,67.11,109.34,107.23,116.49,102.47,99.53,126.94,121.11,175.88,85.18,85.09,102.64,108.5,55.27,54.32,67.1,69.07,65.85,68.5,121.84,54.41,122.28,17.98,16.06,,0,0,0,0,117.33,60.8,78.56,55.71,56.4,118.74,21.8
10/1/08,73.24,73.83,80.29,101.79,90.29,82.24,66.45,68.63,101.53,100.43,107.96,102.78,95.75,115.87,113.28,167.68,101.27,97.9,112.93,116.92,52.19,45.7,58.31,59.53,63.17,65.16,115.92,52.69,118.24,17.57,16.03,,0,0,0,0,108.55,58.19,80.39,57.36,57.03,114.12,22.26
11/1/08,72.55,73.82,80.37,102.7,89.89,71.65,66.5,67.14,93.51,95.21,106.57,98.32,91.61,114.31,109.44,179.68,101.93,96.53,115.92,122.31,33.64,23.26,39.76,39.78,46.17,53.48,98.56,45.97,106.37,17.51,16.13,,0,0,0,0,103.36,52.58,87.75,38.65,28.79,103.31,22.22
12/1/08,72.5,75.27,80.29,103.1,89.04,70.25,69.86,70.19,107.18,105.69,117.48,102.88,89.01,126.39,124.34,185.59,115.24,110.75,125.12,132.01,29.8,25.5,43.44,42.46,42.35,48.4,99.15,40.93,99.84,17.88,16.52,,0,0,0,0,112.8,43.01,83.05,27.45,27.52,98.58,20.97
1/1/09,72.92,74.14,79.49,100.96,88.84,71.8,74.25,75.45,120.5,117.1,128.63,98.08,95.32,146.58,146.6,189.3,133.9,135.31,145.66,147.52,35.02,29.82,51.82,51.98,54.82,56.1,105.43,47.38,108.25,21.81,20.99,,0,0,0,0,117.3,40.19,74.98,24.42,23.63,108.31,23.46
2/1/09,72.21,71.14,79.75,97.09,88.27,70.53,79.82,78.97,118.72,115.77,125.81,106.45,99.64,157.78,158.33,201.97,146.91,148.69,159.37,160.55,36.83,30.34,51.81,52.27,58.99,60.25,108.56,49.54,110.04,22.14,22.18,,0,0,0,0,124.2,42.75,90.67,26.93,31.52,112.89,26.26
3/1/09,71.42,68.49,79.23,93.43,87.89,72.77,79.35,79.63,131.35,129.47,141.1,117.02,104.68,159.3,154.04,199.37,140.7,142.09,158.79,161.9,34.65,30.01,50.16,51.14,56.99,59.68,108.36,50.81,115.88,23.15,22.49,,0,0,0,0,128.81,48.44,88.75,32.93,33.66,114.54,26.74
4/1/09,69.86,69.68,79.17,89.62,87.22,72.12,79.91,81.72,133.39,131.19,141.23,121.06,109.94,157.6,151.47,199.65,133.68,132.44,150.63,155.59,37.23,33.64,55.09,54.83,54.92,58.62,105.48,53.74,116.54,23.89,22.42,,0,0,0,0,140.11,57.71,98.52,35.68,34.74,118.75,27.92
5/1/09,76.63,79.41,79.03,90.85,87.86,78.94,86.55,90.77,139.71,138.62,150.23,122.45,109.82,153.17,149.06,203.28,131.85,131.61,149.69,153.07,45.18,42.59,64.93,64.05,56.87,60.79,108.7,57.3,120.56,23.97,22.18,,0,0,0,0,142.21,55.1,108.6,37.39,38.47,118.96,27.9
6/1/09,78.96,82.3,78.48,90.76,87.94,81.7,94.75,98,140.11,137.69,151.86,125.69,113.35,155.16,145.73,201.49,130.3,130.98,149.58,152.62,50.02,46.8,64.21,63.55,59.92,63.42,111.23,56.88,121.72,23.72,22.13,,0,0,0,0,144.05,57.01,107.78,41.18,50.67,117.8,27.8
7/1/09,75.57,77.74,78.59,89.93,88.18,83.74,94.04,98.68,139.54,137.48,149.55,127.86,112.76,160.49,150.84,201.03,130.78,131.39,149.47,152.67,45.08,39.77,59.75,53.53,57.78,63.9,105.6,54.83,117.82,22.19,21.77,,0,0,0,0,149.82,51.07,119.64,47.38,50.36,116.43,25.71
8/1/09,72,69.03,77.86,90.15,87.05,73.46,88.02,93.48,126.77,122.77,134.64,119.84,102.64,157.51,146.7,192.84,130.19,132.06,150.08,152.69,39.58,34.04,52.47,49.51,55.4,60.59,90.43,49.33,113.71,20.9,21.56,,0,0,0,0,129.87,50.38,127.02,39.34,46.02,106.62,23.02
9/1/09,67.54,67.33,75.89,89.89,85.76,58.74,78.62,85.09,116.4,114.54,120.81,109.09,91.46,152.37,140.33,190.56,137.5,141.34,154.37,155.98,38.08,31.98,47.71,47.21,54.8,59.69,91.01,41,106.2,20.81,21.6,,0,0,0,0,119.78,44.58,145.8,36.64,40.41,99.02,21.32
10/1/09,62.46,66.43,75.05,89.84,84.03,61.11,70.83,72.94,109.91,106.21,115.33,99.14,85.45,146.29,133.23,190.37,147.52,150.26,162.23,162.28,33.51,28.39,42.29,42,51.63,55.82,82.29,38.63,98.08,20.8,21.16,,0,0,0,0,116.43,44.88,154.14,34.82,34.82,92.04,18.99
11/1/09,59.92,69.8,73.76,89.67,83.08,68.63,70.56,75.14,111.32,108.65,117.59,102.16,88.61,140.17,129.58,189.97,149.53,151.73,164.56,164.11,33.79,28.99,43.48,43.04,50.26,54.03,82.07,35.85,99.1,19.44,20.99,,0,0,0,0,110.26,40.78,157.7,33.25,31.16,89.37,19.09
12/1/09,59.5,71.72,73.21,89.16,83.41,70.56,71.3,77.65,116.41,113.06,119.41,106.13,91.33,143.62,133.76,194.4,156.85,158.73,170.64,169.63,35.91,32.11,48.74,48,49.98,53.21,84.99,37.05,97.8,19.32,20.95,,0,0,0,0,113.49,44.86,149.73,32.88,32.14,89.6,18.93
1/1/10,61.61,77.04,73.09,87.22,82.27,77.34,77.84,82.03,121.33,120.22,130.65,107.82,94.79,144.48,131.92,193.37,167.39,169.26,182.44,180.52,37.19,32.95,50.34,50.42,51.77,55.22,88.55,38.91,96.98,19.08,19.17,,167.85,166.6,179.21,182.96,117.33,42.8,157.46,34.81,33.32,89.02,20.58
2/1/10,62.15,76.84,72.48,86.67,82.31,80.99,81.74,85.43,128.02,125.81,138.59,112.55,98.14,144.73,133.04,190.68,157.52,144.53,171.63,180.16,35.92,29.91,43.03,43.15,49.76,55.67,82.4,39.51,94.7,19.24,19.1,,154.7,162.57,180.7,179.3,126.4,40.26,155.67,35.47,32.52,91.64,21.6
3/1/10,64.19,79.06,71.82,86.12,81.94,86.61,85.98,88.36,134.69,136.27,147.39,117.57,101.96,148.91,139.27,190.77,134.56,122.56,146.25,162.18,35.83,30.81,46.71,45.97,43.24,53.12,84.26,38.93,90.74,19.56,19.44,,130.82,143.66,164.07,159.03,129.21,43.94,142.48,31.88,31.03,84.83,22.16
4/1/10,66.36,78.67,72.19,84.26,81.67,93.3,95.1,99.68,144.62,144.29,157.56,120.81,106.35,161.33,152.58,199.91,124.07,113.58,139.9,151.67,36.63,30.66,47.25,45.98,44.19,53.14,83.64,39.87,89.4,19.96,19.84,,120.55,133.92,152.22,150.7,133.24,44.13,142.42,33.24,30.59,86.41,22.96
5/1/10,68.91,82,71.68,86.52,82.01,93.91,103.38,110.05,152.84,154.85,167.6,121.96,106.56,167.81,159.04,207.3,110.65,102.68,129.67,135.51,37.16,30.75,47.42,45,47.09,56.16,84.64,41.19,93.67,20.2,20.07,,108.87,114.13,135.43,135.69,145.64,43.89,146.35,34.62,32.14,86.62,23.19
6/1/10,79.99,82.08,72.1,87.02,82.23,93.9,103.71,110.28,146.68,144.6,158.38,116.76,102.07,165.49,156.97,210.15,104.96,100.75,124.45,130.01,36.48,27.91,44.75,42.16,43.58,56.06,83.89,38.81,91.17,20.1,19.72,,103.69,107.67,129.56,131,137.16,42.99,129.22,33.5,27.16,85.95,23.54
7/1/10,72.36,81.7,72.41,86.81,83.05,93.6,102.47,109.21,153.9,151.7,164.03,117.04,105.11,174.43,163.41,215.26,113.64,110.87,127.12,129.72,36.19,30.42,45.36,42.47,42.79,55.61,82.26,39.06,89.39,20.23,19.72,,112.23,117.66,127.84,133.61,153.67,30.5,128.5,32.24,29.32,85.98,22.96
8/1/10,71.72,80.05,72.1,86.92,83.6,92.05,103.31,111.13,159.44,157.68,166.93,120.21,109.74,181.02,169.26,221.68,115.19,112.4,129.81,133.54,40.36,35.48,53.13,48.95,41.01,54.64,87.03,46.14,93.08,19.11,19.36,,113.48,120.32,132.36,136.1,154.66,26.07,131.71,33.7,31.62,91.27,22.73
9/1/10,75.51,80.41,71.93,85.21,83.6,93.75,104.76,114.58,161.22,158.07,169.76,125.3,108.7,191.07,175.41,231.09,118.66,118.04,133.78,136.8,39.22,36.51,52.23,48.11,41.71,56,88.76,48.23,94.98,18.58,19.05,,118.02,120.22,136.32,137.86,158.68,22.88,134.72,37.39,37.78,94.97,21.71
10/1/10,74.23,78.33,71.6,88.82,83.75,91.06,81.81,94.54,129.62,122.24,137.58,111.14,94.52,154.9,138.09,218.15,121.84,123.53,141.34,142.39,39.46,36.02,50.44,47.44,40.36,52.52,88.63,47.9,95.89,18.6,19.07,,120.74,124.66,141.42,144.42,134.13,26.45,141.97,43.31,49.77,93.13,21.18
11/1/10,71.97,77.34,70.97,89.92,83.21,88.92,72.31,75.17,119.72,114.57,127.94,98.36,85.98,133.39,125.21,197.01,115.56,107.22,133.04,136.9,39.13,34.21,49.44,46.84,38.91,50.08,88.72,46.18,96.25,19.01,18.9,,113.51,120.4,135.59,139.55,124.3,28.7,146.74,42.82,39.09,92.63,21.33
12/1/10,71.94,74.51,70.08,90.3,83.72,88.76,75.92,81.17,113.25,109.49,123.36,103.23,88.69,127.47,121.15,186.86,105.34,89.94,120.62,130.22,36.73,31.22,45.73,44.61,37.36,46.78,88.93,40.9,96.04,18.38,18.78,,101.88,112.94,129.2,132.15,119.57,32.71,144.72,34.55,37.16,90.28,21.58
1/1/11,72.21,73.5,70.7,91.99,85.76,89.11,77.68,80.87,109.77,108.23,119.88,103.31,92.22,123.27,115.81,186.6,102.35,90.6,113.52,126.69,34.8,30.37,46.56,44.1,37.79,48.58,88.11,41.65,97.3,17.82,18.1,,100.27,107.42,125.27,129.42,114.79,33.52,145.38,33.81,32.45,90.42,22.09
2/1/11,71.7,73.02,72.02,93.37,86.97,84.97,78.34,80.52,112.83,113.57,123.83,105.92,95.76,125.88,119.54,182.33,86.5,76.68,103.45,117.12,37.48,35.94,52.99,48.24,42.7,52.65,90.33,45.8,99.69,18.69,17.93,,84.85,89.74,116.73,117.88,114.32,35.43,142.41,37.43,35.65,91.15,22.72
3/1/11,74.73,79.35,72.45,94.88,87.99,75.7,87.33,89.12,125.17,126.99,137.69,114.12,103.07,145.17,142.44,191.01,74.92,69.13,92.63,98.43,43.22,42.34,62.03,60.06,49.25,56.12,103.7,56.16,110.2,18.61,17.99,,74.4,75.77,97.38,101.36,121.42,38.03,124.94,41.08,40.47,102.67,23.13
4/1/11,75.85,80.49,74.36,95.72,89.34,69.28,92.12,92.8,130.6,128.49,142.72,116.94,106.36,159.99,153.4,208.18,72.48,67.35,90.96,96.72,46.05,45.54,63.93,61.45,52.73,58.43,114.57,63.74,118.15,18.98,18.06,,71.75,73.81,97.98,94.24,125.57,40.21,119.84,47.22,46.16,118.66,23.65
5/1/11,78.46,81.62,74.63,96.33,89.29,68.04,90.34,87.16,123.71,122.37,135.47,115.49,106.55,155.06,144.51,209.71,72.83,70.73,92.19,95.13,48.6,47.85,66.34,63.31,55.71,61.34,115.39,65.54,122.04,19.05,18.27,,71.64,75.41,96.52,92.36,126.25,44.55,110.59,49.66,49.38,123.31,23.35
6/1/11,82.17,79.12,75.13,96.94,88.69,65.86,87.7,87.16,119.25,116.83,134.83,102.17,93.65,139.02,128.79,209.34,78.41,80.69,99.16,98.73,45.37,44.77,61.14,57.46,56.52,61.63,106.79,65,123.22,19.38,18.46,,77.88,79.67,99.43,97.12,120.88,40.33,99.55,46.77,46.51,121.83,23.68
7/1/11,77.97,77.39,75.5,97.53,89.01,62.88,82.53,84.19,112.7,112.05,128.98,103.54,91.94,128.62,118.43,196.53,84.32,85.94,105.65,104.29,41.5,40.54,55.93,52.29,55.71,62.07,92.79,60.2,113.4,19.97,18.46,,85.4,82.41,105.63,101.41,112.5,42.3,104.56,42.13,43.13,116.39,24.1
8/1/11,77.86,78.87,75.52,98.06,88.76,61.38,84.48,86.28,122.27,122.02,139.96,108.38,98.29,141.27,133.88,194.87,84.44,84.74,106.6,106.61,46.21,45.88,65.52,61.17,58.42,63.71,105.7,64.75,118.27,19.85,18.52,,85.14,83.25,108.07,103.19,115.39,44.06,108.45,43.52,45.16,118.35,24.45
9/1/11,78.12,74.14,75.98,97.77,88.84,58.48,84.27,86.16,121.8,122.16,138.39,114.43,103.18,145.73,136.32,202.05,101.18,102.81,118.62,115.99,48.59,48.18,67.87,65.67,61.32,66.29,110.33,66.54,123.09,19.8,18.64,,101.23,101.07,116.16,115.56,118.15,50.17,110.42,47.5,47.1,124.78,24.35
10/1/11,75.79,74.82,75.48,97.27,88.81,57.3,77.3,78.86,113.17,113.56,128.61,112.33,102.47,137.82,128.66,199.83,112.95,112.98,130.74,128.66,47.63,48.7,65.14,64.29,60.88,63.44,108.07,62.31,123.44,20.28,18.53,,111.9,115.48,128.74,128.45,116.49,56.64,123.64,50.18,49.29,122.61,25.12
11/1/11,77.39,77.13,75.62,97.62,88.64,64.55,78.11,82.81,117.28,116.92,131.95,113.17,103.48,140.2,133.59,196.84,122.76,120.28,137.07,137.01,47.83,48.63,66.8,64.85,58.22,61.51,108.11,62.06,118.03,20.19,18.45,,121.25,125.67,136.01,140.16,116.33,58.99,131.7,49.73,48.36,115.98,24.9
12/1/11,81.14,78.02,75.67,96.69,88.67,67.77,81.12,84.79,122.77,121.88,138.11,113.49,103.56,149.41,145.22,204.09,141.37,141.11,155.72,152.05,49.16,49.17,69.55,66.41,58.09,62.39,106.37,64.07,117.93,21.18,18.66,,140.25,143.51,149.99,158.36,119.37,59.81,134.71,50.52,49.01,116.68,25.24
1/1/12,78.67,78.43,75.64,96.63,88.4,71.02,86.67,89.87,126.95,126.44,142.79,113.09,106.25,163.68,155.82,216.09,172.22,172.03,187.23,180.47,50.19,49.45,70.68,66.49,56.64,64.57,112.23,66.33,121.39,29.19,26.8,99.85,171.82,172.89,176.08,192.22,120,54.77,143.27,50.09,48.53,120.66,36.42
2/1/12,84.07,84.9,77.73,96.44,88.65,80.47,92.17,95.31,124.94,117.21,137.52,112.6,105.98,163.17,148.21,218.95,179.32,167.86,186.33,195.26,49.69,50.23,74.09,66.1,54.01,63.15,114.97,65.44,121.09,27.74,27.3,100.97,178.87,179.91,192.76,201.31,114.91,53,150.39,51.04,49.79,118.75,36.91
3/1/12,93.69,88.62,79.74,93.78,89.46,94.01,97.72,102.08,131.42,129.39,150.18,113.93,108.46,164.21,159.87,217.71,174.39,159.81,176.62,190.32,51.23,51.02,72.77,68.12,54.63,63.46,120.96,67.18,127.05,27.4,27.82,100.84,172.66,176.97,186.94,200.47,124.47,57.58,152.46,50.95,49.57,124.08,36.25
4/1/12,86.79,82.17,79.86,95.81,90.39,91.18,96.25,103.19,134.07,129.9,151.18,114.9,108.46,175.61,170.33,224.55,172.66,159.05,177.55,192.32,51.93,50.91,69.25,66.53,58.09,64.51,119.28,67.62,129.64,27.19,28.08,101.13,169.58,178.48,188.65,204.44,125.99,61.2,164.91,52.29,51.12,126.88,35.54
5/1/12,87.04,85.57,79.92,96.19,90.77,96.21,104.35,107.34,145.16,142.3,157.71,116.74,108.51,185.04,178.99,229.89,167.35,156.75,174.57,189.87,51.88,51.35,68.72,65.64,64.5,70.4,113.9,69.05,133.62,27.78,27.98,101.78,164.54,171.58,186.28,199.25,131.62,54.5,161.72,53.02,51.52,131.57,35.11
6/1/12,85.49,82.44,80.15,96.56,90.95,98.73,98.8,105.27,135.56,129.76,153.63,114.36,109.07,168.11,157.54,226.97,171.09,163.35,179.26,190.55,50.47,49.05,61.3,59.75,60.89,70.89,104.03,64.85,125.95,27.02,28.08,102.18,170.45,172.24,188.07,198.54,125.55,52.28,168.25,50.41,49.08,122.22,34.66
7/1/12,83.92,81.36,80.26,97.47,91.24,92.62,97.69,99.58,135.22,131.96,149.15,116.61,108.38,152.44,149.89,219.01,174.98,168.56,184.39,193.78,46.83,46.11,60.58,57.54,56.55,70.04,104.38,63.2,123.26,26.61,27.76,101.94,173.64,177.3,190.78,203.82,128.39,48.78,173,48.4,45.93,118.01,32.07
8/1/12,85.13,81.94,80.32,99.85,91.26,91.94,99.4,99.54,141.2,140.54,154.96,116.37,108.32,167.98,162.2,215.72,172.92,172.08,187.91,195.48,47.44,47.7,60.86,60.22,55.52,68.5,109.55,63.71,123.07,27.27,27.72,101.75,172.18,174.16,193.3,202.68,133.66,44.37,171.67,47.36,46.56,116.42,30.15
9/1/12,87.88,79.89,80.73,101.04,91.74,82.97,97.7,102.81,140.15,133.47,148.92,117.25,107.53,178.61,171.24,215.83,168.75,176.52,192.24,195.01,49.19,47.98,63.42,62.42,55.85,66.83,113.12,65.08,123.88,27.72,28.19,101.59,169.62,167.36,194.91,195.38,130.2,45.75,160.34,50.96,50.24,117.09,31.07
10/1/12,86.94,83.65,80.91,105.7,92.52,85.24,95.6,102.7,128.02,124.22,143,115.77,107.19,170.41,159.83,212.79,172.45,181.39,197.55,196.83,49.4,48,63.65,62.31,53.18,61.97,113.34,64.02,123.57,27.32,28.18,102.78,173.58,170.47,197.69,194.48,122.89,46.39,173.06,53.88,51.63,119.88,32.03
11/1/12,92.92,91.17,81.28,106.02,93.01,86.95,95,102.23,129.86,125.01,143.94,116.44,109.53,158.63,146.08,197.72,174.65,178.78,196.72,197.05,49.83,48.31,61.17,62.88,51.62,59.85,114.08,64.86,124,26.71,27.9,103.54,175.9,172.6,197.91,194.49,122.79,45.02,168.5,53.26,50.23,119.45,31.65
12/1/12,97.57,93.64,81.33,105.99,93.36,95.3,91.8,99.79,128.71,124.69,144.26,117.59,110.74,157.98,145.97,193.43,179.44,178.77,197,198.47,49.98,48.03,61.95,62.19,51.48,58.78,113.47,63.45,124.54,25.97,27.59,104.39,179.81,178.88,198.46,198.5,121.72,44.74,172.6,51.91,49.4,118.85,30.81
1/1/13,97.89,95.8,81.89,105.25,94.05,101.42,101.19,103.69,136.18,132.19,148.82,122.14,114.62,161.77,149.83,194.96,193.17,190.82,206.57,208.82,50.51,46.68,61.33,62.18,51.09,59.53,113.78,65.11,125.16,25.93,27.16,105.56,192.74,193.77,207.74,211.67,124.35,40.73,182.39,51.58,48.26,121.63,30.75
2/1/13,98.25,95.02,83.16,104.01,94.73,103.04,105.72,110.86,138.58,134.39,153.67,125.02,118.07,162.52,148.42,189.04,181.85,169.81,198.04,207.06,50.44,47.78,59.82,60.96,53.63,60.25,110.93,66.57,125.35,26.97,27.17,106.19,177.05,191,206.63,207.87,129.2,43.11,174.39,51.39,48.51,120.64,32.35
3/1/13,103.78,98.24,86.77,102.25,96.33,105.21,109.02,113.33,144.36,140.88,159.54,129.45,118.53,159.4,143.89,180.68,164.7,152.36,177.15,187.79,51.66,49.33,62.38,61.93,56.37,63.57,114.28,65.84,126.97,28.11,27.39,106.49,159.01,175.19,184.94,194.9,140.44,45.4,163.35,50.99,48.04,118.88,33.96
4/1/13,104.03,99.11,86.78,102.67,96.63,105.75,113.02,115.31,157.66,154.33,170.66,134.02,120.94,170.5,162.24,191.4,135.89,126.27,155.13,173,52.72,49.88,66.76,66.24,58.8,65.31,120.46,67.4,130.68,28.74,27.8,106.72,127.5,154.67,171.99,175.77,155.99,45.9,153.92,51.55,48.59,124.35,34.98
5/1/13,106.82,101.13,87.35,102.32,96.61,113.83,130.55,127.73,192.55,189.23,202.1,139.11,125.02,187.77,177.59,211.59,124.2,118.92,137.13,155.35,52.99,50.12,65.8,64.73,60.95,67.05,122.03,68.43,137.18,29.46,27.97,107.42,119.26,135.38,154.69,157.41,171.88,44.3,138.58,52.07,49.76,131.07,35.26
6/1/13,109.23,101.13,87.27,101.62,96.9,116.44,130.47,132.17,188.53,180.2,200.88,134.14,122.37,195.33,181.85,220.18,137.25,135.61,147.95,156.55,51.97,48.42,65.77,64.62,60.49,68.27,122.38,66.5,140.34,29.99,27.97,107.53,134.6,142.55,154.46,162.91,182.94,41.01,137.09,50.55,48.88,136.01,35.65
7/1/13,106.2,97.22,87.4,101.58,97.15,114.43,125.58,127.2,172.66,169.54,186.88,133.3,120.12,196.86,182.82,224.34,147.18,147.91,161.26,165.75,49.66,47.72,65.33,64.26,59.98,67.14,123.23,67.38,142.14,29.61,28.4,107.35,145.78,149.73,164.38,169.44,170.31,43.36,148.03,47.38,46.33,138.98,35.41
8/1/13,99.72,92.5,88.04,101.27,97.23,108.32,119.84,122.35,173.54,168.71,185.52,131.12,121.03,201.33,188.99,231.28,142.54,150.34,166.22,167.67,49.6,46.23,64.37,63.91,57.08,65.74,122.66,66.51,146.96,29.29,28.54,106.88,140.3,146.44,167.56,167.97,182.4,42.66,152.02,47.42,45.19,141.15,34.79
9/1/13,95.72,92.12,87.37,99.35,96.56,111.62,106.06,114.42,146.82,140.96,164.5,126.79,115.75,191,176.02,230.46,143.49,153.07,168.77,167.68,48.64,45.98,63.49,63.59,57.51,65.87,122.48,65.08,147.45,28.02,28.49,106.38,142.16,145.88,167.99,166.8,157.26,43.52,159.32,48.13,46.46,140.47,34.02
10/1/13,93.22,91.59,87.15,97.79,94.97,102.73,95.77,100.99,131.05,127.58,150.05,121.71,110.88,183.83,170.44,222.78,135.42,145.15,168.18,166.28,45.15,42.26,57.09,54.67,52.53,61.44,112.58,60.96,139.61,27.1,28.1,104.58,132.89,140.12,167.89,161.62,136.82,42.63,158.79,47.72,44.86,134.5,33.1
11/1/13,94.8,92.32,87.2,95.99,94.36,106.12,92.69,100.13,125.17,121.39,142.62,119.56,111.15,159.85,145.97,202.24,104.15,103.67,135.78,137.44,42.39,40.22,58.58,53.06,45.09,56.29,101.37,55.32,123.64,25.54,27.84,104.03,102.7,106.24,141.35,126.74,136.2,33.99,137.15,45.9,40.52,121.46,32.59
12/1/13,97.18,92.5,86.96,94.94,92.98,104.02,94.67,100.07,125.72,121.82,139.88,118.46,111.22,155.34,146.78,192.23,102.06,98.6,125.66,126.47,42.97,38.58,55.26,52.18,41.74,53.96,100.01,54.64,122.91,25.53,27.55,103.2,100.99,103.5,128.41,121.41,129.98,40.6,133.77,43.76,37.74,117.64,31.19
1/1/14,100.1,93.33,86.11,94.37,92.66,94.69,91.87,98.82,127.42,121.61,139.55,117.22,113.01,161.21,152.29,196.65,113.31,111.18,127.39,130.44,42.7,39.29,53.97,52.25,42.64,52.51,99.19,56.14,121.4,25.53,25.81,102.72,111.94,115.33,129.89,131.95,122.14,38.99,125.14,42.68,36.74,114.24,29.86
2/1/14,99.65,91.09,85.31,94.05,92.72,98.98,85.26,95.92,127.99,122.16,138.74,117.49,114.16,158.02,147.23,197.56,113.66,102.29,127.84,134.96,42.52,41.44,54.43,52.45,44.53,54.54,98.86,56.6,118.53,25.71,25.68,102.81,110.09,118.77,134.48,135.99,122.1,37.3,106.45,43.42,37.93,115.62,29.35
3/1/14,103.97,98.62,84.91,93.03,92.99,99.24,87.77,90.96,147.23,140.27,159.07,116.89,114.8,177.56,168.42,203.17,116.57,110.92,128.27,136.06,42.99,42.15,58.03,55.62,45.02,55.59,106.95,56.96,118.86,26.35,25.83,103.6,113.45,121.56,134.73,138.24,133.91,41.4,111.56,43.86,39.01,111.9,29.76
4/1/14,108.22,101.36,84.95,95.02,93.23,104.35,104.61,107.41,172.8,166.1,186.07,121.55,124.45,204.45,202.23,227.8,121,114.4,134.35,144.53,46.07,43.24,62.92,62.42,48.63,58.93,120.84,59.81,126.25,26.13,25.87,104.53,117.09,128.11,143.49,146.04,153.92,37.69,121.14,44.63,40.1,116.71,30.14
5/1/14,110.58,105.3,85.46,96.95,94.08,109.24,117.57,119.25,182.26,177.33,196.89,124.19,127.03,219.46,217.22,240.96,117.65,109.72,130.89,142.04,47.92,44.81,64.46,61.32,53.89,65.49,121.54,63.39,129.45,26.55,26.08,106.19,114.69,123.12,141.85,142.36,160.43,36.21,122.4,46.27,41.58,119.59,30.61
6/1/14,114.09,105.68,85.7,98.47,95.34,109.26,122.69,124.06,191.8,187.97,211.99,122.07,126.24,224.4,221.12,241.44,122.73,117.85,134.41,140.98,49.31,47.27,64.04,61.8,57.39,70.13,120.39,67.68,132.93,28.63,26.4,106.84,121.45,125.4,139.72,143.59,165.3,38.95,129.19,46.61,42.4,123.58,31.06
7/1/14,113.61,103.33,86.91,97.98,96.12,112.78,123,119.7,186.95,184.25,210.5,121.61,126.87,227.96,220.22,244.09,129.09,126.43,141.01,146.72,47.99,46.95,61.67,57.43,56.55,72.69,113.76,69.81,133.2,27.66,26.73,106.75,127.15,132.9,145.08,149.55,165.73,39.02,125.39,48.29,42.9,120.25,32.49
8/1/14,106.71,97.52,87.05,95.68,95.72,102.38,118.16,118.56,177.5,172.68,199.07,123,126.95,231.48,218.27,245.95,136.59,135.87,150.84,153.99,46.58,44.87,55.71,51.64,54.11,70.92,102.05,69,126.51,27.08,26.51,106.2,134.62,140.78,153.48,155.34,171.31,39.37,138.63,48.08,43.5,120.44,32
9/1/14,109.2,102.14,86.66,94.2,95.62,102.91,117.65,119.5,180.41,176.98,201.11,126.04,126.48,220.64,198.08,240.83,150.77,153.99,165.68,163.84,42.92,41.71,50.61,49.59,47.17,67.42,98.37,62.68,119.56,27.11,26.31,106.92,148.86,154.04,161.41,169.45,173.92,39.45,143.95,45.63,39.76,111.96,31.35
10/1/14,109.46,101.55,86.24,92.62,95.65,101.2,113.36,118.95,164.47,157.31,186.8,124.98,126.22,196.63,173.63,233.92,166.59,173.25,188.18,180.23,43.98,42.06,51.46,49.15,40.55,61.2,98.73,56.37,119.63,24.52,26.36,106.7,162.47,173.59,175.54,190.47,168.9,41.2,158.89,45.15,38.62,114.87,30.27
11/1/14,107.92,98.8,86.24,91.74,95.77,102.56,102.5,109.69,142,136.37,157.01,118.85,117.71,174.52,150.93,215.28,159.45,164.67,185.46,181.45,43.16,41.56,50.24,48.15,39.69,57.14,98.08,54.69,119.22,24.47,26.1,106.29,154.79,166.73,179.95,185.04,144.64,37.8,165.32,46.78,38.78,115.08,29.02
12/1/14,103.42,95.39,85.56,91.03,95.21,103.02,103.44,105.47,132.84,126.68,147.46,118.98,115.85,169.29,147.58,202.43,157.52,157.99,178.23,185.3,43.57,41.31,49.48,47.66,38.95,57.94,99.55,54.48,118.93,25.5,26.21,105.39,153.74,162.12,187.28,181.51,136.8,42.1,165.49,46.07,37.18,114.97,28.27
1/1/15,106.63,98.51,86.45,102.9,101.31,87.45,105.78,103.12,136.21,131.93,154.88,123.5,120.45,169.43,152.73,199.72,171.83,173.92,186.95,191.69,41.5,38.58,43.44,41.59,37.5,57.24,94.17,56.71,105.32,26.25,25.97,113.13,168.7,175.51,190.46,193.86,127.82,41.25,168.68,41.99,33.36,99.64,29.05
2/1/15,97.54,93.58,86.76,105.6,101.64,86.36,96.51,101.93,136.85,133.24,158.91,124.93,124.12,178.59,164.14,206.53,184.04,168.44,191.74,202.98,36.47,33.7,38.55,36.84,35.94,56.49,84.97,54.49,93.4,26.49,25.98,112.97,177.45,191.82,200.05,208.72,129.93,40.85,162.09,38.79,31.14,93.3,28.85
3/1/15,99.83,98.03,85.85,106.16,101.61,87.4,96.3,99.16,138.74,135.95,159.97,124.66,121.79,186.44,174.06,215.69,183.17,156.53,174.94,199.33,36.02,32.67,36.58,36.39,34.68,53.94,87.24,53.88,96.02,26.86,25.89,113.17,175.33,192.6,193.92,209.89,137.77,31.18,160.8,35.29,29.45,93.49,28.93
4/1/15,100.39,104.53,85.6,105.11,101.79,85.14,101.04,101.8,149.55,147.33,172.66,124.66,121.32,197.73,191.46,229.76,177.51,150.85,170.87,192.42,35.14,31.83,35.26,36.35,30.92,49.58,88.95,51.26,102.34,27.64,26,113.53,168.86,187.98,187.18,204.75,145.03,28.5,155.89,32.06,27.1,99.26,30.09
5/1/15,108.23,105.95,85.67,104.47,101.65,93.56,104.23,106.56,159.25,154.72,183.62,124.13,120.62,200.09,192.6,240.28,175.96,153.34,168.94,189.62,31.86,28.56,30.34,30.2,30.11,52.53,84.52,52.21,102.53,26.62,26.04,113.75,168.2,185.65,184.54,201.65,154.93,25.23,156.18,29.09,24.1,96.87,30.35
6/1/15,105.45,100.18,85.51,103.92,101.64,96.64,103.78,101.23,143.16,135.88,162.47,122.6,116.6,191.05,174.74,238.57,176.64,157.46,172.05,191.25,28.43,22.89,24.56,25.64,28.84,52.41,78.49,50.25,101.95,26.82,26.07,113.4,168.08,188.66,185.43,205.54,142.94,29.12,164.41,27.85,21.33,96.84,31.2
7/1/15,97.87,95.08,86.2,103.66,101.58,103.4,97.31,100.25,134.6,126.85,155.98,120.75,107.75,188.1,169.18,225.55,167.77,155.51,172.92,189.33,26.23,20.75,26.69,25.1,23.95,48.23,76.13,46.29,94.57,26.6,25.93,113.06,159.02,179.82,185.05,199.87,138.4,27.62,172.53,25.39,18.98,92.4,30.54
8/1/15,92.56,89.38,85.65,103.3,100.87,84.95,88.26,93.99,142.82,135.71,163.74,107.82,107.04,171.73,147.45,212.39,160.66,150.86,169.72,182.32,23.39,20.3,28.38,24.92,21.36,43.29,73.16,42.19,86.17,25.83,25.96,112.09,153.3,172.08,179.97,189.8,133.31,26.05,168.66,23.04,17.68,82.22,29.94
9/1/15,92.19,87.91,85.69,102.14,100.85,83.17,83.8,91.77,129.47,119.96,148.21,99.63,104.06,169.27,142.36,204.08,156.09,153.9,170.87,181.52,23,20.04,28.23,24.94,21.53,41.49,71.46,39.57,86.81,26.24,25.91,112.12,152.39,161.05,182.19,179.39,121.35,25.7,169.88,23.15,18.4,77.25,29.32
10/1/15,86.29,83.89,85.23,102.85,100.61,79.31,75.27,81.16,114.32,104.12,126.83,98.35,96.34,143.42,121.34,198.21,155.96,158.6,176.14,182.54,22.49,19.98,22.4,20.91,18.63,38.46,65.97,32.15,81.67,25.77,25.8,111.67,154.41,158.03,183.14,180.27,111.16,22.73,176.28,22.42,18.18,72.16,28.48
11/1/15,83.6,81.96,85.14,103.93,100.26,76,76.32,75.48,112.86,102.76,120.26,88.37,96.98,127.86,106.45,164.2,141.57,151.93,172.47,176.89,22.88,19.42,21.59,21.62,18.26,33.35,57.19,32.09,67.34,26.55,25.74,111.31,144.46,137.95,180.05,161.19,106.02,22.84,165.29,21.88,18.77,59.22,27.52
12/1/15,81.78,85.03,85.29,103.74,100.12,77.05,73.33,78.19,112.07,102.28,119.75,78.63,90.22,130.63,114.97,149.76,140.72,155.02,172.42,174.6,23.74,19.67,22.76,22.68,18.29,32.83,57.65,29.28,64.09,25.37,25.56,111.15,143.83,137.24,178.02,161.52,109.44,23.94,168.73,21.96,19.59,56.17,27.92
1/1/16,89.72,87.55,83.66,103.22,98.82,76.98,80.12,82.78,117.11,103.66,123.81,79.1,75.4,142.01,133.08,147.46,160.92,177.5,188.6,183.03,24.32,21.61,24.27,26.41,19.48,34.36,61.04,29.85,63.91,25.35,23.21,110.03,163.21,157.64,184.02,180.3,123.32,24.03,184.16,21.13,18.84,57.3,25.8
2/1/16,88.71,80.14,83.63,102.67,98.57,77.13,81.12,84.84,116.79,103.72,125.33,78.57,78.42,160.14,152.28,181.33,166.96,187.01,202.12,193.13,27.55,25.14,26.88,28.05,23.82,34.12,63.4,30.84,64.85,24.11,23.42,109.42,171.73,161.24,194.89,188.1,111.32,22.73,183.78,22.98,22.41,61.24,25.38
3/1/16,89.31,81.58,82.67,102.55,97.56,80.29,82.27,86.56,118.69,105.89,126.26,72.57,71.35,165.5,158.57,189.57,151.26,169.65,190.28,183.58,29.48,27.53,30.25,33.15,27.92,38.57,66.55,33.08,75.5,23.84,23.48,108.09,152.88,149.03,186.76,172.61,108.82,26.22,175.21,26.44,26.48,66.9,24.82
4/1/16,96.29,85.78,82.55,102,96.77,81.13,87.31,92.07,123.47,111.04,135.67,75.55,74.79,177.48,171.28,199.17,155.17,174.55,192.38,182.27,33.03,31.24,33.69,34.06,32.49,40.01,77.63,36.7,94.42,23.37,23.19,107.51,157.49,152.26,184.12,175.28,123.98,35.25,180.19,30.16,30.16,83.35,24.82
5/1/16,98.92,89.5,82.1,101.99,96.62,83.54,93.38,99.89,128.06,116.99,142.23,72.75,69.99,191.87,186.92,208.71,137.77,155.51,179.85,181.02,35.52,33.88,35.47,34.84,37.2,44.74,78.58,39.76,97.19,22.16,23.16,107.71,141.41,133.94,185.35,162.66,116.6,36.75,170.02,33.43,32.75,93.73,24.8
6/1/16,101.63,92.6,82.36,101.98,96.65,79.77,92.24,100.12,123.34,112.7,138.7,72.96,61.63,194.44,190.1,215.38,125.47,143.79,164.44,174.74,33.72,32.67,37.35,33.6,39.02,48.35,80.56,40.73,101.5,22.99,23.17,108.03,128.84,122,180.89,148.67,110.46,36.01,163.5,34.54,31.9,96.75,24.73
7/1/16,100.22,85.03,82.44,101.77,96.67,77.42,94.49,103.95,132.8,122.96,149.44,74.96,61.54,211.9,201.56,233.44,126.13,146.03,163.52,174.58,31.22,29.28,35.83,31.55,37.27,48.6,83.92,41.17,104.49,22.93,23.17,107.58,128.08,124.14,179.31,152.51,111.99,40.52,160.67,33.12,29.11,96.55,24.46
8/1/16,87.24,77.56,82.11,101.81,96.54,78.23,93.98,100.55,142.4,140.93,159.98,77.67,70.86,209.2,199.48,238.41,129.19,150.26,166.5,175.59,30.91,28.7,37.71,36.83,33.55,43.6,92.82,44.2,110.94,23.07,23.29,106.09,132.55,125.52,179.57,154.67,124.85,39.49,158.78,31.28,28.09,98.79,24.15
9/1/16,86.54,78.39,81.85,102.31,96.47,73.03,98.45,99.78,134.99,128.44,146.91,80.49,72.31,211.39,194.95,231.78,143.04,172.5,184.21,181.72,31.54,30.42,36.87,38.77,33.03,44.9,97.5,44.64,115.94,22.96,23.23,105.69,149.95,136.49,184.44,170.25,130.18,41.72,170.54,30.82,28,107.07,24.04
10/1/16,83.9,72.69,81.91,102.63,96.22,77.07,91.82,102.88,119.2,108.03,129.49,79.99,74.31,178.41,155.92,211.14,145.94,181.66,197.94,186.99,31.17,30.19,34.98,35.13,32.48,43.28,98.6,44.33,118.55,23.04,23.21,104.91,153.03,139.14,189.3,175.07,106.09,38.19,182.14,31.37,28.65,110.24,23.88
11/1/16,84.61,78.37,82.35,102.82,96.4,78.86,87.51,97.52,105.71,95.9,112.88,81.13,72.74,159.95,138.03,176.85,149.71,183.18,200.64,188.44,30.06,28.29,30.72,30.81,28.64,38.65,96.73,39.29,112.98,21.99,23.05,105.81,157.37,142.05,190.82,177.82,94.16,38.11,188.58,32.04,28.88,102.95,24.19
12/1/16,83.62,82.72,81.73,102.18,96.17,71.71,88.85,99.82,105.34,95.19,113.43,79.4,73.91,147.39,133.3,160.01,156.48,184.39,201.72,189.8,29.51,28.37,32.24,31.87,28.55,37.96,90.05,38.81,98.06,22.47,22.96,105.52,162.55,150.33,191.59,181.66,89.25,37.12,184.55,30.42,27.02,93.78,24.08
1/1/17,88.11,82.06,81.07,102.43,95.51,69.04,88.76,97.68,107.21,95.41,118.32,78.88,74.1,147.23,134.45,157.9,162.96,189.55,205.69,195.92,29.65,29.05,34.64,33.28,28.89,39.5,86.86,39.5,90.21,22.37,20.88,104.8,167.67,158.23,198.59,187.61,91.27,33.1,183.65,30.18,26.38,87.08,23.53
2/1/17,86.6,83.16,81.32,102.63,95.56,75.53,88.31,97.72,113.51,104.36,123.69,82.93,75.92,166.78,159.7,175.3,165.88,187.2,207.76,200,30.1,30.21,33.79,32.97,30.51,40.62,83.84,40.82,88.27,22.31,20.58,104.85,168.35,163.02,202.46,193.78,92.46,36.86,184.3,30.68,27.87,86.09,23.52
3/1/17,95.38,91.76,80.67,102.75,95.12,75.12,98.48,103.88,130.15,120.5,146.75,85.09,74.95,179.19,172.29,187.64,168.94,180.49,199.68,196.83,34.3,34.52,42.52,40.15,36.88,45.61,90.23,49.24,101.48,22.2,20.64,105.12,169.45,168.39,197.9,193.84,99.71,34.54,179.48,31.87,31.02,95.11,24.09
4/1/17,98.93,93.88,80.87,102.42,94.68,74.99,108.26,112.87,132.99,123.45,153.52,87.37,74.99,180.52,173.33,187.3,177.97,189.32,205.26,201.2,37.09,36.81,46.27,45.2,38.97,46.9,100.39,56.01,117.91,23.34,20.78,104.8,177.2,178.81,200.49,203.56,103.96,32.96,187.18,33.73,33.5,108.4,25.91
5/1/17,107.65,99.15,80.95,101.91,94.57,72.39,120.26,118.91,145.63,145.27,168.11,88.76,75.87,184.97,178.52,188.1,185.05,199.85,213.81,207.26,38.97,38.91,48.16,46.93,38.97,47.4,107.32,56.89,125.57,23.71,20.83,104.97,183.43,186.61,206.2,210.3,100.06,32.34,190.93,36.07,36.47,114.33,26.92
6/1/17,106.16,103.55,80.91,101.82,94.64,73.45,126.51,125.74,156.06,152.52,179.46,86.83,76.26,198.41,194.24,208.02,194.91,209.16,223.66,214.21,39.46,39.02,48.51,46.35,39.32,51.28,107.82,58.11,125.63,22.88,20.96,106.16,194.47,195.26,213.41,215.68,107.52,29.55,186.93,36.3,37.77,118.57,27.85
7/1/17,104.66,98.41,80.96,101.71,94.67,74.11,126.53,123.16,148,143.47,173.79,87.95,74.96,201.54,197.42,208.97,196.75,209.68,224.94,216.34,39.82,40.15,46.54,45.83,39.35,52.87,108.59,60.75,129.23,22.75,20.87,105.61,201,194.22,223.63,208.25,111.15,29.94,199.7,39.97,38.07,119.38,28.38
8/1/17,99.38,90.73,80.72,101.68,94.53,74.24,114.62,105.7,139.2,134.16,159.85,89.98,74.61,200.24,195.86,221.99,197.22,215.43,229.78,219.59,40.09,39.97,47.62,45.52,39.3,53.03,110.17,62.41,135.93,22.38,20.78,105.25,203.79,193.09,226.49,210.69,114.26,29.83,201.66,40.39,39.2,128.01,28.99
9/1/17,98.01,88.63,80.43,98.71,94.27,70.05,97.54,100.77,126.67,120.49,147.3,87.81,73.33,178.72,165.41,203.12,187.51,221.04,236.83,220.71,39.24,38.54,42.5,41.12,39.29,52.89,112.14,57.23,137.42,23.73,20.63,104.76,204.63,178.58,232.99,206.42,110.12,0,196.38,38.97,36.91,128.02,28.83
10/1/17,91.99,82.78,80.19,101.25,94.36,70.22,80.05,81.33,105.09,101.87,130.48,82.6,69.49,145.09,135.61,185.47,180.39,209.46,230.17,215.4,35.31,34.25,32.19,30.92,37.64,50.5,111.47,44.86,129.02,22.5,20.53,104.82,181.17,179.8,227.03,202.5,94.76,24.42,202.43,37.14,33.93,111.66,28.19
11/1/17,88.54,84.75,80.19,100.23,93.91,69.84,82.72,79.75,98.34,94.47,120.93,80.44,66.73,132.6,127.31,180.3,166.06,181.85,203.6,201.56,32.48,32,30.23,28.77,35.94,46.94,93.92,37.81,106.88,22.19,20.57,104.16,166.55,165.76,209.32,192.42,88.1,24.61,183.61,33.98,31.76,97.18,27.91
12/1/17,93.42,83.21,80.04,100.63,94.12,71.2,84.51,80.06,98.07,94.96,120.9,83.26,66.68,132.72,126.81,173.43,150.42,163.86,185.14,187.12,31.62,31.27,33.1,30.55,35.77,48.31,90.12,39.34,105.34,21.16,20.55,104.45,146.07,153.24,192.81,182.18,85.29,29.26,167.31,32.19,28.58,95.16,27.83
1/1/18,94.5,90.56,79.77,99.8,93.5,71.22,96.34,91.14,100.66,95.42,125.83,81.57,65.8,147.06,142.36,182.51,156.83,161.93,184.29,186.63,33.57,33.48,41.01,39.78,36.24,48.57,95.41,42.93,107.13,22.43,23.29,102.95,156.43,157.08,191.95,179.99,90.3,26.31,174.19,31.26,27.36,97.08,26.86
2/1/18,93.73,85.47,80.08,100.13,93.22,72,98.42,97.29,100.41,95.7,132.08,81.08,65.4,173.25,165.06,201.57,146.81,142.8,179.13,186.46,35.4,35.55,41.24,38.61,36.17,48.55,98.53,45.38,108.67,22.6,23.39,102.93,137.75,155.27,191.86,180.25,88.22,27.3,162.11,33.21,30.07,97.83,27.46
3/1/18,102.51,94.36,80.74,100.19,93.34,73.56,103.06,100.32,116.77,114.83,147.43,84.57,65.63,170.32,160.28,195.52,142.44,136.86,162.6,173.02,37.19,37.26,43.04,41.18,36.07,48.76,99.46,45.94,109.69,22.98,23.41,103.46,133.69,147.92,176.4,168.64,92,28.6,127.22,35.03,32.93,99.63,27.67
4/1/18,109.27,101.91,81.6,100.64,93.88,73.29,104.03,102.75,124.8,123.78,164.28,85.3,62.96,166.47,158.31,193.67,135.18,128.84,155.75,164.74,39.14,38.29,44.68,42.12,36.38,47.84,101.7,46.04,111.52,23.52,23.35,104.15,123.96,141.11,165.62,163.47,93.59,28.35,150.06,36.86,34.18,103.8,27.55
5/1/18,111.87,106.43,82.07,101.31,94.36,75.8,103.23,109.22,118.69,112.19,159.35,85.94,63.93,170.57,163.83,202.76,133.6,129.16,152.79,160.76,37.61,37.18,41.29,37.47,36.26,47.75,101.76,45.71,111.19,23.48,23.34,105,123.38,139.61,162.06,158.4,95.19,30.94,152.15,35.62,31.62,103.63,27.86
6/1/18,111.51,108.52,82.63,102.65,94.64,77.91,104.43,113.07,111.23,104.26,150.16,86.19,60.35,165.45,156.66,205.97,134.14,127.77,151.06,159.98,35.11,33.73,35.57,32.61,36.17,48.08,98.16,46.04,111.3,23.2,23.41,105.98,125.9,137.85,161.49,156.91,87.88,25.6,148.36,31.91,29.84,103.77,27.82
7/1/18,100.85,101.02,82.5,103.34,95.04,76.66,100.1,104.72,117.2,110.63,142.35,86.95,59.31,177.89,172.53,212.94,132.73,138.64,159.73,158.29,31.67,30.75,34.1,31.08,36.66,47.37,97.03,46.28,111.86,23.24,23.47,106.35,129.91,134.25,158.39,158.11,92.58,22.52,145.45,30.02,27.73,101.76,28.43
8/1/18,89.52,85.59,82,103.47,95.13,76.92,87.59,98.48,103.17,95.09,119.9,84.74,58.02,158.25,146.11,211.92,115.57,142.43,163.47,155.13,30.52,29.05,32.59,28.74,35.85,47.45,96.13,43.22,111.96,23.34,23.36,105.71,119.73,113.49,159.31,146.54,78.16,0,152.38,29.99,27.08,98.97,28.66
9/1/18,84.35,81.62,82.05,102.48,94.93,76.24,78.86,87.86,94.7,85.96,145.81,78.71,56.57,147.07,128.09,218.45,116.84,149.18,169.5,157.45,28.77,27.22,29.57,26.57,31.87,44.35,96.98,38.92,112.51,23.44,23.44,104.37,130.49,112.55,163.88,144.9,79.6,0,149.39,29.17,26.65,102.34,27.71
10/1/18,88.3,82.87,82.45,101.04,94.82,74.97,73.07,90.74,90.53,81.74,156.2,76.79,53.31,141.18,127.7,218.59,121.9,153.35,178.33,164.1,26.96,26.03,27.88,25.39,30.91,43.69,97.03,36.1,112.43,23.24,23.28,104.2,127.38,119.54,169.75,153.32,74.23,22.91,150.24,27.04,26,95.31,26.55
11/1/18,91.48,86.22,82.63,100.61,95.06,73.5,74.57,76.98,84.43,78.07,150.01,72.89,52.93,141.33,125.59,211.68,116.11,141.75,171.92,163.09,25.64,24.15,26.65,23.24,29.64,41.73,96.42,33.47,112.09,23.2,23.16,103.97,120.14,113.95,168.98,150.94,72.27,19.78,151.11,25.93,26.52,91.32,26.45
12/1/18,94.17,88.55,82.38,100.3,94.89,75.71,84.57,87.03,88.41,82.42,152.98,75.64,54.46,141.32,127.83,212.97,119.79,149.36,171.85,165.38,26.13,25.57,31.94,30.46,29.12,38.79,93.61,37.95,111.82,23.08,23.13,104.11,133.16,113.49,171.19,152.22,70.72,0,147.99,25.85,26.72,90.92,26.48
1/1/19,103.86,96.52,82.83,100.53,94.62,70.41,101.54,91.95,97.45,93.93,151.13,65.71,51.51,156.45,149.16,211.55,145.43,174.25,189.49,181.08,28.63,28.8,39.65,38.94,30.23,41.79,95.59,45.79,110.7,21.75,22.34,104.52,159.38,139.82,184.28,173.48,75.74,22.74,168.94,27.28,27.48,90.68,24.87
2/1/19,97.91,86.72,81.46,100.7,94.74,71.53,101.45,97.82,105.15,98.21,172.76,64.66,55.55,177.86,167.48,226.86,160.07,188.19,203.86,198.86,31.41,29.92,38.93,36.62,30.31,40.56,95.56,45.74,110.35,21.43,22.34,104.12,164.66,157.11,201.2,193.93,81.37,20.24,159.16,28.45,27.79,93.67,24.88
3/1/19,99.76,89.13,80.96,100.6,95.43,72.6,104.56,100.94,110.85,106.6,171.58,66.35,57.06,182.32,170.87,236.16,162.22,181,199.2,192.43,34.35,36.03,47.51,47.04,30.59,41.91,98.76,50.16,111.69,21.58,22.3,104.17,172.99,156.01,197.57,182.11,92.21,0,184.45,30.66,30.34,92.06,25.09
4/1/19,96.78,94.51,81.8,100.6,95.77,80.25,104.95,108.54,120.51,116.8,167.97,72.28,59.97,185.78,172.42,236.51,177.9,195.69,213.47,207.81,37.46,38.88,48.08,47.66,30.97,42.25,101.94,54.38,113.88,21.74,22.32,104.93,189.19,171.69,210.55,202.27,105.21,22.77,190.52,33.38,33.56,97.31,25.04
5/1/19,98.6,96.24,81.2,100.83,95.73,78.99,105.22,104.58,114.81,107.7,172,72.46,60.99,186.86,171.8,236.93,176.33,185.7,206.87,206.09,39.67,40.72,50.91,49.69,33.13,42.83,103.53,54.7,116.74,22.16,22.86,105.2,183.11,172.71,209.52,200.06,105.41,24.52,180.87,36.5,36.99,106.44,25.14
6/1/19,90.56,90.56,80,102.01,95.39,73.64,104.66,105.75,109.18,104.8,169.84,74.28,61.36,187.29,172.73,236.18,175.23,182.15,203.25,201.73,41.17,41.58,50.93,49.95,36.04,43.62,104.41,57.49,122.2,22.39,23.32,105.07,181.55,172.15,205.09,197.15,102.56,24.06,190.99,39.87,39.31,108.08,27.65
7/1/19,86.86,83.72,79.6,101.52,95.48,69.9,106.64,106.27,102.34,98.57,161.3,76.36,63.39,186.2,171.58,237.43,171.35,181.07,201.86,200.87,42.61,41.84,51.58,50.18,37.49,45.47,104.58,59.43,120.69,22.28,23.28,104.98,182.66,166.2,203.61,196.91,97.56,24.41,183.04,42.58,41.91,110.36,28.08
8/1/19,81.62,77.56,79.12,101.42,95.48,70.81,99.9,104.61,96.59,92.73,156.28,74,63.46,174.6,156.02,230.67,166.96,182.45,202.11,200.76,41.66,40.65,49.63,48.48,35.72,44.33,103.84,53.7,109.68,22.05,23.2,104.73,183.17,159.37,204.24,196.08,92.7,22.69,191.1,42.01,41.36,102.48,27.48
9/1/19,77.16,74.56,78.63,98.32,95.34,69.9,91.87,97.68,93.84,82.05,151.6,85.55,63.02,167.51,151.86,229.24,165.85,183.02,202.31,201.74,36.02,35.66,42.8,41.74,31,39.58,102.54,43.16,106.61,21.96,23.21,104.27,178.32,160.48,203.84,198.85,80.88,18.09,182.85,37.01,35.84,94.96,23.43
10/1/19,80.36,78.82,79.01,99.77,95.39,72.23,87.46,96.36,101.47,78.26,145.91,83.65,62.43,157.08,139.63,222.11,150.66,174.99,197.68,196.18,29.03,28.3,35.37,34.2,27.76,37.75,101.04,36.39,102.91,21.9,22.48,104.03,159.27,144.32,201.79,187.57,76.68,17.75,197.98,30.99,30.17,93.78,26
11/1/19,78.33,77.25,79.74,99.84,95.04,69.86,89.82,86.8,102.3,79.55,148.7,84.9,62.35,136.09,124.13,213.01,137.05,156.05,182.02,183.77,28.42,29.22,39.08,36.69,28.11,38.24,98.9,34.69,101.89,21.58,22.16,103.22,147.43,129.95,190.01,172.58,74.8,18.73,185.73,28.18,28.34,89.57,25.61
12/1/19,86.65,85.06,79.25,99.89,95.07,73.36,89.79,85.26,103.21,87.13,148.71,81.6,61.4,132.9,123.42,211.79,141.01,160.5,182.21,181.34,34.09,34.9,49.45,46.07,31.4,40.56,102.87,38.39,104.65,21.68,22.11,103.65,156.76,133.34,188.58,169.9,81.13,0,187.66,29.78,29.03,95.31,25.6
1/1/20,90.71,89.17,79.19,104.8,94.88,72.81,89.39,96.71,105.62,80.59,149.92,81.38,63.73,134.48,124.16,213,146.91,171.68,190.25,186.15,36.35,35.81,46.08,44.4,32.27,44.13,101.72,39.03,102.71,22.94,22.32,103.25,168.31,139.14,191.81,177.51,80.48,0,194.74,35.64,33.39,94.93,25.54
2/1/20,83.51,81.14,79.25,105.54,94.91,76,86.95,96.36,102.47,77.91,139.49,76.76,64.1,143.46,132.67,211.42,151.25,163.24,191.38,190.56,31.78,32.33,35.67,34.89,31.97,41.71,96.26,38.41,95.21,22.36,22.36,102.97,163.98,143.79,195.85,183.17,75.37,49.09,193.23,34.21,34.67,79.85,25.86
3/1/20,80.81,81.9,78.91,105.65,95.07,78.64,92,87.54,115.1,103.48,142.07,72.89,63.22,149.74,141.18,209.79,153.66,136.59,178.47,184.71,31.33,32.52,44.06,41.78,36.25,45.28,93.76,42.4,95.82,22.67,22.53,102.86,155.56,152.64,187.59,180.89,83.01,57.24,189.08,29.89,29.61,81.69,25.45
4/1/20,64.65,45.65,78.56,104.76,95.83,67.57,85.43,86.99,109.6,72.14,113.41,70.93,59.17,133.01,96.61,189.14,113.03,89.92,123.53,159.48,25.48,27.4,31.75,29.05,35.38,50.13,86.4,38.69,86.99,22.89,22.57,101.77,112.92,113.07,158.36,160.76,65.51,70.28,109.7,28.82,28.26,81.7,25.78
5/1/20,71.46,74.61,77.82,104.88,96.05,49.54,81.14,81.52,130.34,124.42,147.7,70.84,59.51,122.3,116.47,165.92,167.79,152.63,168.83,171.82,23.42,27.47,36.53,34.14,42.26,50.51,99.61,44.58,105.12,22.57,22.65,103.11,158.81,171.73,167.48,178.13,81.32,68.82,134.51,27.1,26.77,84.05,26.49
6/1/20,73.18,79.83,78.43,104.83,95.75,47.2,83.28,77.2,120.08,95.07,188.22,73.1,62.37,139.12,130.16,177.32,194.88,151.55,176.78,187.15,23.13,25.95,30.32,28.65,37.81,48.96,98.27,37.83,99.85,22.64,23.1,102.8,179.2,201.22,183.22,193.64,80.67,66.02,143.8,25.58,25.98,87.7,26.1
7/1/20,72.78,75.6,78.39,105.64,95.87,41.61,84.03,76.18,112.58,98.92,194.55,74.98,65.12,150.68,141.6,190.84,206.68,170.25,186.3,198.12,21.21,22.12,27.93,26.9,34.02,46.94,89.01,36.74,88.43,22.39,22.71,103.04,187.51,214.74,193.43,205.97,83.55,59.63,135.22,24.11,25.23,71.79,25.98
8/1/20,69.06,69.83,77.62,103.45,95.89,39.62,80.65,72.32,116.46,101.51,186.69,75.45,65.22,171.79,167.16,193.86,201.74,186.16,202.25,205.94,20.92,20.7,24.05,23.46,33.05,44.54,75.47,33.18,77.33,22.76,22.74,102.63,195.02,204.3,204.34,208.21,79.12,59.07,165.79,21.64,22.84,65.44,25.19
9/1/20,65.29,63.88,77.79,103.59,95.77,45.67,80.4,70.39,129.29,82.52,185.56,73.78,64.41,177.84,171.06,202.9,202.5,196.31,213.73,215.99,19.96,19.48,22.85,20.35,33.72,43.79,63.98,30.03,64.21,22.57,22.7,101.96,201.32,202.94,217.28,214.17,77.73,63.96,152.84,20.96,22.81,57.67,25.76
10/1/20,68.46,69.95,77.98,104.05,95.07,53.79,74.05,72.09,124.71,77.42,185.05,73.11,64.69,158.57,145.96,206.56,209.7,206.49,222.33,223.43,20.93,21.06,25.48,20.97,34.11,42.17,63.4,27.38,59.51,22.72,22.68,102.49,207.57,210.51,223.97,222.52,76.12,55.58,163.05,21.23,21.93,57.41,26.49
11/1/20,76.37,81.15,77.94,104.26,94.72,62.44,77.37,76.29,113.3,83.01,184.35,73.64,64.32,153.16,144.67,202.01,217.74,216.96,233.23,232.23,21.18,21.26,24.98,21.23,34.25,43.95,60.46,26.96,53.24,23.38,22.82,102.97,217.19,217.95,233.75,229.91,77.71,58.21,134.59,23.23,23.49,57.69,27.92
12/1/20,82.43,80.92,78.35,104.55,95.2,63.12,75.57,73.91,113.12,86.12,181.35,73.34,64.7,160.01,153.3,202.39,217.59,216.94,234.07,233.84,24.36,23.86,26.9,23.69,34.68,43.51,59.82,28.06,53.72,23.36,22.71,103.26,217.14,217.75,234.02,233.57,83.36,43.09,154.33,23.72,25.63,53.56,27.17
1/1/21,80.13,80.88,77.74,106.82,95.61,58.45,77.29,76.49,115.33,98.71,171.88,76.78,66.65,164.9,160.44,202.75,228.64,231.22,243.49,241.16,28.42,27.36,31.64,29.85,35.2,44.82,64.62,28.59,60.34,24.34,24.29,103.4,230.29,228.05,242.76,239.03,89.55,55.44,194.99,25.59,26.67,55.59,27.12
2/1/21,81.44,83.54,76.88,108.28,95.79,51.01,82.1,79.58,124.23,122.69,171.86,77.34,69,181.46,178.61,212.2,263.32,262.92,271.62,266.65,32.18,31.98,35.47,36.87,36.62,44.14,76.63,31.1,81.85,24.83,24.66,104.64,263.11,263.41,268.39,264.15,113.82,48.97,173.54,30.53,32.99,65.83,28.1
3/1/21,86.02,84.78,77.16,111.01,96.72,53.93,84.58,88.08,138.71,131.8,186.43,78.49,70.67,185.86,182.2,211.61,271.67,270.06,278.22,274.22,38.01,37.09,41.55,44.77,39.14,46.05,82.84,36.76,91.85,25.33,24.63,107.05,270.91,271.98,277.55,269.07,125.7,48.89,164.38,36.05,36.45,87.64,28.38
4/1/21,97.48,97.46,78.4,111.76,97.88,92.05,93.24,95.72,157.2,154.44,194.31,89.46,79.59,193.05,191.39,220.11,280.3,281.63,287.22,285.53,41.75,40.7,48.29,53.9,42.49,46.84,102.6,45.2,116.67,24.5,24.51,108.55,280.5,280.2,289.13,279,145.54,54.05,179.56,42.47,44.45,110.52,31.27
5/1/21,105.49,102.29,78.22,113.14,98.13,92.88,98.46,96.36,187.3,188.94,234.78,97.42,88.36,222.14,224.4,251.01,307.03,316.96,320.09,306.68,43,40.99,50.27,56.99,43.42,48.98,133.32,49.52,156.82,24.51,24.83,109.66,306.14,307.44,310.91,299.37,194.72,52.6,158.8,43.37,44.15,142.58,33.65
6/1/21,106.36,103.23,79.18,114.23,98.74,91.56,95.05,92.88,186.33,180.73,235.86,104.54,91.97,256.6,251.83,279.03,317.72,331.56,340.61,323.39,43.45,40.59,51.98,53.38,42.68,51.12,138.52,47.9,188,25.08,25.9,110.07,312.93,319.58,324.73,320.7,199.18,54.41,0,42.72,45.98,199.62,37.45
7/1/21,104.91,102.27,81.87,114.97,99.25,92.38,87.29,89.44,168.27,164.34,236.49,106,95.14,265.03,261.05,289.71,304.61,328.81,340.58,327.14,41.35,38.09,48.72,49.58,42.56,51.77,141.13,50.48,198.74,25.24,25.77,109.84,307.89,303.29,331.98,315.97,187.62,52.98,0,41.6,43.5,201.3,40.72
8/1/21,103,101.91,81.94,116.21,98.24,91.15,80.41,82.72,175.86,168.93,224.62,113.25,95.81,277.9,271.85,300.36,296.2,327.08,339.89,325.88,37.78,35.51,46.36,46.55,42.32,51.6,152.59,53.23,201.11,24.78,25.5,109.11,298.83,294.93,330.53,312.85,175,46.55,0,39.38,45.02,208.51,39.18
9/1/21,105.06,102.45,82.83,115,98.3,87.48,77.02,79.5,202.64,186.53,237.94,116.9,96.13,286.01,278.09,309.64,289.04,326.1,340.51,322.6,37.47,34.38,45.47,44.74,42.36,51.38,164.77,53.48,203.73,24.61,25.49,109.05,289.45,288.85,328.44,306.36,168,51.81,0,37.57,41.44,200.19,39.09
10/1/21,100.97,101.15,83.95,111.35,99.2,85.65,83.79,82.64,186.82,168.56,239.93,99.28,99.24,266.67,259.34,296.29,271.24,306.06,322.45,313.74,36.12,32,44.94,42.06,41.51,51.01,162.22,51.13,191.7,24.72,25.31,109.43,273.79,270.14,319.89,296.56,161.96,48.28,0,37,39.96,203.88,39.06
11/1/21,103.43,103.6,84.93,114.02,100.94,80.38,94.35,96.49,175.75,165.41,256.54,99.94,101.46,246.69,243.63,278.39,,270.41,292.92,,33.6,28.89,38.97,37.44,34.59,46.9,151.36,51.33,164.04,24.73,25.27,110.94,248.22,246.07,305.79,286.9,164.6,40.26,0,36.73,38.19,175.38,37.47
12/1/21,119.02,118,85.5,115.32,101.46,79.96,103.98,106.5,194.03,183.02,258.12,97.82,106.89,243.07,241.84,278.74,,262.4,283,,34.79,31.42,42.51,41.71,33.81,45.58,149.19,52.67,155.38,25.1,25.42,111.92,249.25,245.62,295.63,277.12,180.48,37.66,0,36.29,39.32,147.66,37.11
1/1/22,129.25,125.75,90.73,124.8,108.85,82.29,110.23,110.41,225.07,213.08,260.1,109.75,134.73,257.93,256.49,282.14,,270.13,288.57,,37.05,32.78,44.91,43.81,35.4,45.61,145.15,52.72,155.41,36.63,35.11,122.83,251.46,259.62,288.63,275.18,212.1,49.68,0,37.58,40.04,141.15,38.98
2/1/22,121.08,120.11,93.4,126.34,111.53,90.45,111.35,109.9,255.84,243.85,295.5,165.57,136.88,267.69,268.64,292.75,,256.67,280.25,,36.99,33.66,44.61,43.32,38.64,46.84,144.43,53.64,156.2,36.51,35.54,124.61,252.37,247.23,287.23,277.34,232.2,44.24,0,39.11,44.58,144.8,40.04
3/1/22,138.75,133.02,94.05,126.42,113.39,100.39,129.6,125.38,271.5,255.97,301.99,172.24,149.42,276.94,278.77,302.96,,217.09,239.84,,38.85,36.06,44.68,46.65,40.74,50.12,145.66,55.91,158.07,37.01,35.41,126.91,244.43,229.84,263.78,268.09,256.75,55.98,0,40.08,46.03,149.18,40.51
4/1/22,157.92,151.73,96.29,121.41,114.97,127.74,149.14,141.84,293.07,275.79,324.49,179.93,163.66,289.01,288.57,309.77,,182.95,215.57,,44.74,42.12,49.29,52.93,44.18,54.25,145.28,66.64,171.65,38.04,35.66,128.15,239.24,207.21,237.87,267.4,277,0,0,42.22,49.03,165,39.22
5/1/22,162.27,152.92,101.97,122.02,120.55,140.65,187.17,173.51,342.99,315.53,366.89,200.57,179.73,320.8,320.18,334.08,,171.33,199.5,,51.84,49.57,71.69,74.04,53.98,60.45,155.13,83.45,209.25,37.27,35.52,132.13,207.73,179.55,215.12,240.32,327,0,0,45.15,48.59,198.1,39.93
6/1/22,158.84,153.58,106.75,122.02,124.84,157.06,193.66,189.53,325.67,292.5,367.26,221.52,187.01,342.83,344.75,364.06,,173.25,198.01,,61.1,57.6,81.03,78.99,62.85,66.98,155.82,95.57,233.31,37.18,36.08,134.55,190.89,168.54,203.53,222.06,325.5,0,0,50.53,53.56,197.09,40.95
7/1/22,148.17,142.95,111.17,118.45,127.16,164.61,186.51,194.31,280.31,256.5,338.02,209.31,175.63,346.42,346.4,364.6,,149.41,184.58,,59.63,54.5,71.9,70.93,61.82,69.94,157.13,91.42,227.22,37.23,35.95,134.51,155.81,150.95,187.84,199.26,275.6,0,0,52.16,58.73,195.31,40.46
8/1/22,121.92,123.63,113.98,119.21,128.44,139.29,174.64,193.47,219.59,210.96,352.39,169.04,145.8,345.21,343.39,360.7,,121.71,152.8,,56.44,50.69,64.42,65.87,57.48,68.53,152.56,87.35,190.22,36.96,36.14,135.15,113.92,120.53,155.43,155.68,225,0,0,51.18,58.55,170.07,43
9/1/22,116.2,120.15,123.74,118.08,129.71,112.34,162.59,196.11,187.41,183.01,381.43,144.55,128.81,304.29,289.42,344.24,,123.62,152.64,,44.03,38.46,43.29,46.69,46.7,58.87,124.11,71.66,174.49,36.43,35.33,136.41,103.3,119.75,147.07,141.79,185.4,0,0,46.24,56.17,175.94,43.77
10/1/22,113.67,119.72,125.12,116.51,130.1,110.54,136.9,182.66,137.22,121.42,317.23,122.46,118.02,227.55,162.76,238.44,,113.17,144.39,,34.91,29.73,31.93,29.44,38.96,52.43,99.63,58.78,136.8,36.69,35.31,136.2,88.68,101.71,137.26,120.2,101.1,0,0,38.62,50.9,164.15,39.55
11/1/22,116.62,122.99,126.01,119.76,132.49,84.52,110.43,148.49,116.47,105.54,268.46,97.52,93.19,131.08,114.85,162.51,,92.84,120.75,,31.54,26.86,29.98,27.19,32.51,44.89,86.93,40.47,90.72,36.79,35.34,138.15,86.35,75.28,126.99,120.56,90.47,0,0,37.58,45.7,118.65,38.02
12/1/22,116.52,118.1,126.67,119.37,132.58,82.86,105.65,145.05,115.6,102.44,261.73,95.07,95.97,115.63,109.62,149.2,,78.43,105.49,,30.58,25.5,31.2,26.87,29.62,39.58,82.09,33.41,76.55,37.04,35.33,138.02,78.25,69.32,115.42,107.73,88.83,0,0,37.11,39.61,99.23,40.63
1/1/23,115.65,115.01,123.86,137.66,139.29,79.95,112.97,145.94,128.15,107.26,238.19,89.64,84.73,120.78,111.23,149.18,,89.3,109.65,,32.05,26.99,32.3,30.4,30.3,44.43,79.94,38.6,75.35,38.02,36.17,147.51,78.74,83.3,110.84,107.98,88.11,0,0,36.98,40.02,81.52,36.35
2/1/23,115.38,118.58,121.97,142.24,139.91,81.71,128.88,149.48,155.82,127.71,231.34,94.1,86.46,128.87,119.56,149.72,,111.42,130.4,,34.79,32.27,42.33,48.93,32.57,45.72,84.96,47.05,90.8,37.58,36.19,150.47,87.43,104.83,120.04,124.87,93.83,0,0,38.49,40.1,94.73,35.46
3/1/23,123.67,129.39,122.52,142.42,140.93,89.99,134.13,150.04,166.13,137.09,227.83,94.17,86.53,143.03,133.25,159.85,,100.72,124.76,,43.34,42.11,48.52,62.46,33.14,46.22,107.98,59.18,121.76,37.1,36.43,151.4,99.64,93.47,121.61,132.29,120,0,0,39.94,42.85,118.03,34.13
4/1/23,135.71,138.42,122.98,138.98,141.89,92.11,132.94,151.71,164.34,133.75,225.66,94.13,85.31,164.09,159.5,182.81,,94.48,117.29,,48.57,46.68,51.94,64.67,33.33,46.14,114.09,60.86,129.86,36.93,36.66,153.02,98.57,76.25,118.08,127.09,120,0,0,43.23,46.65,137.04,32.74
5/1/23,139.08,142.09,123.37,141.19,141.57,95.29,144.4,159.56,163.33,138.98,235.16,87.69,76.44,184.57,188.87,209.77,,83.41,105.31,,50.89,48.23,59.39,63.91,34.73,46.59,117.36,65.01,133.66,36.5,35.94,153.71,81.46,75.45,107.41,108.67,129.34,0,126.02,43.76,52.13,139.82,31.98
6/1/23,136.49,137.37,122.84,142.61,141.11,94.43,153.88,162.26,136.69,133.88,223.86,91.27,70.33,195.81,196.97,229.62,,83.5,107.28,,48.71,45.99,58.81,60.43,34.72,47.91,116.43,65.62,134.83,36.32,35.26,152.99,78.14,83.69,107.46,107.93,104.65,0,131.25,44.72,51.99,139.14,32.04
7/1/23,114.33,114.39,117.16,140.57,140.53,91.85,143.99,161.19,127.75,124.35,192.4,91.27,61.15,202.29,195.02,232.37,,99.92,119.27,,45.77,43.54,52.82,56.09,35.03,47.13,115.91,66.93,135.3,36.14,34.98,150.67,79.16,92.42,115.56,107.53,111.23,0,134.17,43.14,47.39,141.61,33.25
8/1/23,98.13,100.71,113.81,139.16,139.67,80,133.75,156.49,143.17,142.14,219.2,79.4,64.95,209.67,205.56,236.72,,125.64,143.68,,41.69,39.93,49.64,48.65,34.63,48.38,116.34,67.05,138.05,36.59,35.39,147.77,90.66,113.35,137.82,122.25,117.31,0,131.64,40.52,45.24,144.49,33.76
9/1/23,103.34,105.88,113.74,137.62,138.77,90.07,133.24,155.97,162.13,159.92,204.92,81.74,72.72,227.28,227.36,250.45,,156.34,173.22,,41.69,40.9,55.81,56.21,35.53,51.05,119,67.33,148.34,36.92,35.12,147.8,112.81,142.59,163.32,141.58,138.94,0,139.46,39.13,47.04,151.8,32.55
10/1/23,103.72,103.68,113.73,135.24,137.68,90.01,124.16,155.24,116.12,117.48,175.5,75.39,70.04,200.73,185.96,256.01,,164.24,184.85,,40.48,38.41,52.36,50.44,34.74,50.25,119.44,66.9,144.25,37.04,35.07,146.73,124.54,139.2,177.95,150.47,102.25,0,135.59,40.42,46.27,145.27,31.38
11/1/23,100.83,108.73,113.49,136,135.56,83.39,122.44,155.55,103.47,106.7,159.02,73.05,64.97,168.61,133.06,240.8,,153.77,178.36,,40.63,37.92,51.17,47.47,33.22,47.62,102.58,62.13,114.02,36.32,34.99,146.07,125.69,129.85,176.46,150.93,97.57,0,145.53,42.38,45.72,119.06,30.6
12/1/23,110.78,125.61,111.32,136.66,135.08,79.9,118.97,155.77,120.63,106.31,148.49,76.1,64.24,185.04,128.65,233.15,,150.97,174.59,,40.98,40.66,47.5,50.08,33.69,52.31,97.1,63.38,102.62,36.17,35.14,147.1,132.89,151.62,181.98,157.74,102.49,78.89,138.66,43.16,46.17,107.53,30.33
1/1/24,113.56,124.91,108.91,132.17,132.99,83.4,125.71,154.83,137.54,117.84,158.56,90.62,66.16,178.59,137.58,221.37,,167.34,186.17,,42.97,42.54,45.33,52.34,35.22,54.03,100.4,65.39,107.64,31.7,29.97,144.65,152.23,180.53,189.01,174.92,118.05,79.36,153.39,43.03,45.91,112.22,29.55
2/1/24,107.68,117.01,106.47,129.6,130.46,89.95,123.63,162.89,153.38,127.55,147.93,99.93,83.55,173.22,155.36,240.07,,192.03,207.16,,44.97,43.49,47.93,52.51,39.27,57.6,111.43,69.26,127.19,29.79,29.78,141.66,176.19,205.45,202.78,194.1,126.4,69.99,138.49,44.64,47.81,128.53,30.42
3/1/24,109.13,121.65,106.8,129.99,130.48,94.33,128.17,171.16,164.7,158.11,189.74,110.03,94.98,193.18,178.19,274.07,,215.02,229.4,,47.2,46.49,53.37,62.25,41.85,54.91,115.89,82.44,148.41,30.54,29.52,142.03,204.47,225.05,221.44,221.44,151.02,0,172.89,46.27,52.84,140.82,30.1
4/1/24,115.54,125.7,106.55,127.91,130.23,102.66,129.23,176.61,179.39,170.01,212.03,111.78,101.3,214.07,201.57,295.47,,225.81,241.25,,49.26,49.46,56.76,64.61,41.49,57.51,118.83,90.79,159.31,31.48,29.48,141.81,218.99,221.15,234.34,234.96,170.92,105.67,237.47,48.48,53.81,162.53,30.71
5/1/24,115.02,125.07,105.67,127.84,129.04,109.8,133.1,178.6,182,177.37,221.88,114.64,100.3,232.59,223.68,306.96,,232.18,245.49,,51.07,51.13,60.17,70.44,40.86,58.22,124.33,96.72,167.72,30.85,29.23,141.63,224.36,231.16,245.22,242.66,184.91,101.01,192.61,49.47,52.77,162.63,30.31
6/1/24,114.31,124.16,104.28,128.47,127.46,109.07,134.74,185.64,175.62,168.17,229.59,113.91,95.93,250.8,242.34,331.28,,250.92,263.31,,51.32,51.73,59.55,70.43,42.38,57.79,126.75,98.98,176.34,31.21,29.45,141.17,243.66,251.24,257.65,258.28,179.01,0,258.28,49.96,52.06,165.75,29.71
7/1/24,110.38,118.71,105.15,128.96,127.89,110.63,131.07,182.26,172.72,171.28,220.46,113.33,98.2,254.96,245.4,322.1,,260.34,275.9,,50.63,50.91,58.59,66.83,42.55,60.56,127.68,99.73,176.91,31.78,29.25,140.15,241.52,261.43,267.25,260.57,176.57,103,254.59,50.67,54.33,168.22,29.87
8/1/24,103.97,109.15,104.31,127.35,127.71,107.99,131.48,175.75,175.8,180.77,215.94,115.28,115.53,261.14,245.99,285.55,,227.34,250.39,,50.78,50.84,61,67.39,43.53,63.19,128.44,98.16,177.65,30.23,29.32,139.54,208.73,232.35,256.15,236.26,184.29,0,242.55,52.35,55.52,170.62,31.01
9/1/24,104.69,110.1,104.33,127.11,127.38,103.42,130.51,153.65,173.82,180.96,203.3,120.65,125.95,260.76,238.03,289.22,,213.14,238.75,,50.24,51.41,62.06,67.19,44.91,62.04,129.67,95.44,181.17,30.08,29.25,137.97,205.71,218.53,250.17,227.88,184.62,117.02,246.32,53.18,54.83,169.54,31.25
10/1/24,105.56,107.89,105.1,126.45,126.99,101.28,130.95,159.02,150.91,148.93,176.07,116.72,125.53,223.09,185.9,270.75,,186.75,214.42,,49.63,49.07,60.62,60.1,45.76,63.56,128.57,86.41,173.4,30.03,28.78,137.28,195.62,207.33,234.13,220.74,153.01,116.43,242.38,52.83,55.51,166.27,32.12
11/1/24,105.55,109.34,104.93,126.76,127.18,94.71,130.91,154.33,150.68,147.21,171.27,120.09,120.91,206.9,168.7,239.95,,175.56,201.07,,49.64,49.3,59.06,61.25,45.87,61.3,122.69,82.82,151.93,28.81,28.96,137.8,192.74,206.37,227.76,215.74,151.25,114.64,210.91,52.55,55.14,156.16,31.93
12/1/24,107.44,114.67,104.55,126.57,126.68,95.91,130.99,151.69,149.79,145.42,173.1,114.5,114.2,211.5,168.68,212.17,,179.77,201.69,,50.38,49.65,61.87,61.55,45.6,63.99,120.69,82.55,144.49,28.79,29.18,137.34,194.88,207.73,222,213.79,149.62,119.51,203.93,52.91,54.1,152.44,32.32
1/1/25,109.57,114.75,104.52,125.76,125.07,96.31,131.77,142.49,153.31,146.87,177.06,117.4,114.89,204.33,168.66,205.33,,185.89,206.63,,52.15,51.53,61.73,59.87,44.94,62.57,116.33,78.89,129.69,28.88,28.64,135.28,196.23,208.89,215.9,221.22,153.03,0,227.37,53.26,51.93,139,31.88
2/1/25,102.6,106.28,104.32,125.59,123.71,95.41,134.77,138.01,174.15,169.75,190.77,120.56,116.39,207.28,169.67,225.24,,177.6,205.05,,51.74,51.8,59.2,59.51,45.09,60.91,116.44,78.23,131.42,29.33,29.16,134.29,194.8,207.75,218.63,217.87,169.43,0,217.26,52.98,52.63,140.85,30.98
3/1/25,108.1,114.82,104.04,126.47,123.84,102.49,143.5,145.04,214.29,212.29,231.62,134,123.33,214.61,178.05,238.5,,137.37,168.84,,51.19,51.31,61.56,64.93,44.74,59.18,121.99,76.64,158.67,29.31,28.93,134.56,168.06,171.23,185.53,189.65,211.78,0,191.27,51.14,51.39,159.32,30.18
4/1/25,118.65,119.52,103.94,125.84,124.44,114.97,176.78,168.73,264.34,249.98,269.63,148.29,145.67,228.29,202.21,241.51,,126.54,154.18,,52.29,53.56,66.09,81.24,45.66,57.87,145.16,84.05,199.37,29.14,28.77,136,162.19,146.83,160.29,173.19,242.7,0,196.45,50.83,52.8,182.36,30.53
5/1/25,119.54,121.79,103.34,125.47,125.15,119.15,180.44,173.31,272.13,258.07,286.78,149.26,150.09,249.24,230.52,258.14,,110.77,137.66,,53.05,54.29,65.17,83.24,46.5,59.75,159.97,92.12,230.96,29.05,28.83,135.99,157.67,125.63,148.14,164.81,264.03,0,172.83,51.09,54.29,199.89,30.16
6/1/25,112.81,123.38,102.26,126.03,124.94,120.23,174.63,173.25,210.67,230.48,274.48,147.07,145.92,261.77,248.41,270.27,,122.49,145.07,,53.8,54.59,66.46,84.17,50.55,60.5,160.26,87.4,227.24,29.49,28.69,136,157.34,129.37,151.33,166.45,231.11,0,194.41,51.82,53.15,200.57,31.6
7/1/25,96.04,118.22,103.64,125.45,124.42,110.86,168.99,158.6,182.21,184.23,219.15,143.02,144.67,261.56,255.68,276.42,,155.12,175.44,,53.7,55.8,65.76,81.37,53.02,62.62,156.11,87.84,194.65,29.31,28.42,135.58,156.46,163.4,165.92,172.54,191.26,0,202.71,53.13,55.71,184.25,32.12
8/1/25,89.11,102.94,103.84,126.01,124.35,109.24,157.92,149,194.71,192.32,225.93,147.35,139.87,251.69,247.5,273.4,,162.72,186.11,,53.02,56.01,64.6,78.97,51.94,60.81,154.25,89.58,184.57,28.79,28.58,134.5,159.35,164.51,176.5,177.7,196.18,0,204.88,54.01,56.31,177.35,31.27
9/1/25,74.94,100,103.93,125.47,124.13,106.65,148.69,141.2,135.57,147.5,189.12,131.4,122.97,204.36,199.41,232.13,,136.48,167.99,,52.02,54.2,66.84,67.35,49.25,60.19,140.68,82.81,177.75,28.94,28.88,133.94,149.39,140.77,165.33,168.56,134.48,0,166.3,53.99,55.95,173.46,29.89
10/1/25,68.55,90.05,104.29,125.37,123.42,89.63,101.31,105.27,117.6,117.19,164.98,114.87,102.97,178.35,151.19,197.9,,105.48,140.39,,46.89,49.1,55.48,51.81,46.72,57.59,119.4,65.08,137.71,28.64,28.88,132.75,119.67,108.73,139.66,138.52,119.51,0,151.47,52.25,54.26,150.05,29.33
11/1/25,76.21,89.63,104.31,124.81,123.21,73.94,96.28,95.73,121.92,115.88,163.53,114.16,106.33,172.15,145.81,173.96,,96.4,132.63,,44.3,46.25,52.15,52.25,43.64,56.67,111.51,58.91,115.21,28.85,29.13,132.11,112.88,106.84,127.77,131.33,118.93,0,157.05,52.06,55.74,123.87,28.56
12/1/25,85.06,98.68,104.1,125.48,122.91,75.42,88.54,94.76,124.56,116.84,161.57,111.32,105.62,174.23,148.06,166.91,,94.97,127.92,,44.75,45.55,51.66,50.71,43.46,52.88,112.08,61.59,115.27,28.9,28.9,132.29,110.73,108.5,125.19,130.77,121.57,0,168.68,52.11,56.06,121.78,27.94
1/1/26,94.16,105.81,104.4,125.56,122.94,79.05,95.37,93.55,126.08,122.24,169.2,112.42,109.71,178.54,155.2,182.06,,104.45,133.51,,46.23,46.58,52,50.11,44.59,56.06,112.31,61.07,117,28.76,27.42,132.51,117.19,120.53,141.64,138.19,122.6,0,200.61,52.47,54.82,118.55,27.8
2/1/26,94.72,104.25,104.89,125.55,123.33,80.92,95.15,97.87,141.66,135.91,177.89,116.19,110.77,194.72,170.86,197.34,,111.52,142.48,,47.39,48,52.2,52.72,45.35,57.14,115.26,64.9,125.33,28.84,27.6,132.42,129.26,131.01,151.74,151.35,136.66,0,188.34,53.11,55.99,118.06,28.32
,,,,,,,,,,,,,,,,,,,,,,,,,,,,,,,,,,,,,,,,,,,
,,,,,,,,,,,,,,,,,,,,,,,,,,,,,,,,,,,,,,,,,,,
,,,,,,,,,,,,,,,,,,,,,,,,,,,,,,,,,,,,,,,,,,,
,,,,,,,,,,,,,,,,,,,,,,,,,,,,,,,,,,,,,,,,,,,
,,,,,,,,,,,,,,,,,,,,,,,,,,,,,,,,,,,,,,,,,,,
,,,,,,,,,,,,,,,,,,,,,,,,,,,,,,,,,,,,,,,,,,,
,,,,,,,,,,,,,,,,,,,,,,,,,,,,,,,,,,,,,,,,,,,
,,,,,,,,,,,,,,,,,,,,,,,,,,,,,,,,,,,,,,,,,,,
,,,,,,,,,,,,,,,,,,,,,,,,,,,,,,,,,,,,,,,,,,,
,,,,,,,,,,,,,,,,,,,,,,,,,,,,,,,,,,,,,,,,,,,
,,,,,,,,,,,,,,,,,,,,,,,,,,,,,,,,,,,,,,,,,,,
,,,,,,,,,,,,,,,,,,,,,,,,,,,,,,,,,,,,,,,,,,,
,,,,,,,,,,,,,,,,,,,,,,,,,,,,,,,,,,,,,,,,,,,
,,,,,,,,,,,,,,,,,,,,,,,,,,,,,,,,,,,,,,,,,,,
,,,,,,,,,,,,,,,,,,,,,,,,,,,,,,,,,,,,,,,,,,,
,,,,,,,,,,,,,,,,,,,,,,,,,,,,,,,,,,,,,,,,,,,
,,,,,,,,,,,,,,,,,,,,,,,,,,,,,,,,,,,,,,,,,,,
,,,,,,,,,,,,,,,,,,,,,,,,,,,,,,,,,,,,,,,,,,,
,,,,,,,,,,,,,,,,,,,,,,,,,,,,,,,,,,,,,,,,,,,
,,,,,,,,,,,,,,,,,,,,,,,,,,,,,,,,,,,,,,,,,,,
,,,,,,,,,,,,,,,,,,,,,,,,,,,,,,,,,,,,,,,,,,,
,,,,,,,,,,,,,,,,,,,,,,,,,,,,,,,,,,,,,,,,,,,